text,pattern category
Mixing & Measuring,none
"fares starting only at @ ₹23,133*.",none
₹2000 off on exchange,none
"No Thanks, I Don't Want To Save",misdirection
CPUs & Processors,none
Only 32 left in stock,scarcity
What treats can I use?,none
SUPPORT THE AMERICAN SUPRESSOR ASSOCIATION,hidden_subscription
 New in ,none
Functional Cookies,none
Your plan includes auto-renewal for convenience. ₹599/month thereafter.,forced_continuity
Shop Safely And Securely,none
ONLY 1 LEFT! GET IT NOW!,scarcity
Only 2 Left in Stock,scarcity
 Get The Look The Full Story Shop Now Read More ,none
Home + Tech Almost Gone,none
Rachel Comey,none
Limited Time Offer Limited Offer! 15% off on Naomi Home with Coupon 9N03. You pay $63.74,urgency
0 Days 2 Hours 57 Minutes 53 Seconds,urgency
Fast Mover: 35 PEOPLE added this to cart today!,social_proof
Your order is reserved for 08:53 minutes!,urgency
You may cancel your VIP membership at any time by calling 1-866-337-0906 (open 24/7).,obstruction
"No USB or Y-Adapter!? Our USB Sound Card is highly recommended for PC (Mac/Linux/Windows) and works with current gen consoles. The Y adapter is recommended for console gaming, phone, or other TRRS jacks.",misdirection
· Physical Healing,none
Bath Bombs & Salts,none
Congratulations! You qualify to receive Rechargeable 10-Function Bullet Vibe for FREE!,misdirection
 Fashion Short Sleeve Crew Neck Print Dress ,none
Strength & Functional Training,none
 Bento Lunch Boxes & Food Containers ,none
"ADHD Friendly Profile: this profile significantly reduces distractions and noise to help people with ADHD, and Neurodevelopmental disorders browse, read, and focus on the essential elements more easily.",none
" -- Preeti Shenoy, author of THE RULE BREAKERS",none
The product you requested is not available in the selected country,none
Exclusive Offers Up To 45% Off,none
Forgot a cold drink? Get it in 10 mins from Blinkit,none
 Digital Device Covers ,none
"from Korea, South",none
You can opt out at any time by clicking unsubscribe.,none
Limited time remaining!,urgency
Free trial ends tomorrow – ₹799 auto-paid.,forced_continuity
NO THANKS,misdirection
"No thanks, I'll miss this exclusive deal.",confirmshaming
Hurry !! Only 52 left in stock,scarcity
 United States ,none
Buy 5 get extra 5% off,none
 All Personalised Gifts ,none
Set SALE Into Summer ,none
 Motocross Gloves ,none
Fashion Forms,none
Ignore ₹500 coupon? Click 'No thanks' to proceed.,confirmshaming
"We combined powerful, yet gentle acne-fighting ingredients with our own unique plant-based complexes to help reduce irritation and redness associated with acne and breakouts. The result? Skin that’s nourished, smooth, and most importantly, clear!",none
Your membership continues automatically.,forced_continuity
Only 2 seats left at this price – book immediately!,fake_scarcity
 Data Processor Privacy Policy: https://casalemedia.com/ ,none
Offer expires in 0:03:15 – act fast!,fake_urgency
Add items worth ₹46 more to avoid ₹15 Small Cart Fee,confirmshaming
"No Thanks, I prefer paying full price.",misdirection
 Jersey GBP,none
Grab Upto 12% OFF* on Domestic Flights!,none
17 people have viewed this wine today,social_proof
 Rain Boots ,none
LIMITED TIME ONLY!,urgency
(LIMITED TIME OFFER) TORSION GUN HOLSTER SUPER COMBO,urgency
Code of Conduct,none
Spin to unlock your mystery offer,misdirection
"No thanks, I'd rather pay more",misdirection
 Data Processor Privacy Policy: https://cookieinformation.com/cookie-and-privacy-policy ,none
Save Big on Your Next Getaway with Up to 15% OFF*,none
40% OFF EVERYTHING* ENTER: 40PLT + FREE SHIPPING OVER $80 HURRY! LIMITED TIME ONLY,urgency
"Trey in Columbia, United States purchased Leather Cord Capsule",social_proof
Refuse ₹200 off? Click 'Reject offer'.,confirmshaming
Boys Grey School Uniforms,none
"Someone in Kilwinning, United Kingdom just bought Cuban Link Chain Bracelet",social_proof
View All Apartment,none
"Faith in Glendale, United States purchased a Choose Your Flavors 5 Bag Sample Pack (Whole Bean) about 1 hour ago",social_proof
"Free for first month, then ₹249 monthly auto-pay.",forced_continuity
Thanks! -RMO Team,none
 Please try again ,none
Only 15 left in stock,scarcity
Medium GreyLogan T-Shirt Jersey Comforter and Sham Set,none
 Menu Search ,none
We have 1 left at this price,fake_scarcity
ONLY 1 LEFT IN STOCK,scarcity
-90% discount if you order within 9:55:44,urgency
"Free Upgrade, Limited Time!\n*DISH Install Not Available*",urgency
Read full description,none
Last 2 items – will go quickly.,fake_scarcity
Clear filter,none
What could have caused this?,none
Deal expires in: 03 hrs 25 mins 22 sec,urgency
1626 people seeing this product right now,social_proof
 School Shoes,none
"No Thanks, I prefer not to have a protection plan",misdirection
 Tracksuit,none
Glasses and Goggles,none
Offer Ends in 9d:8h:19m,fake_urgency
Subscription renews monthly by default.,forced_continuity
3 people are looking at this item right now,social_proof
Purchased 6 times this week.,social_proof
Choose which store you would like to visit,none
Someone added 1pc 4ocean natural stone beads beaded bracelet men boho handmade to their cart RIGHT NOW,social_proof
"NO, I DON'T FEEL LUCKY",misdirection
"Someone in Tornado, United States just bought Fresh Melon Menthol 2 hours ago",social_proof
A maximum of 10% of the contest entry fee can be paid using Cash Bonus.,none
Apply Offers for Maximum Savings,none
Only 4 left in stock,scarcity
Order in 13:16 to get $200 off your mattress,urgency
Your order is reserved for 29:52 minutes!,urgency
HURRY! EXCLUSIVE DEAL FOR YOU! 1 4 : 4 5,urgency
10 Left,scarcity
ONLY 3 LEFT,scarcity
Delivery & support,none
 Shop By Shape ,none
"We use cookies to improve our services, make personal offers, and enhance your experience. If you do not accept optional cookies below, your experience may be affected. If you want to know more, please, read the Cookie Policy",none
The Wizard of Oz,none
If I emailed you how much I love each jersey you’d have an essay coming your way!,none
"CANCELLATION POLICY: If you are not completely satisfied with Yogi Surprise, you can cancel your membership and discontinue your monthly payments at any time. In order to cancel before you are renewed for the next shipment, you need to contact Yogi Surprise prior to the renewal date on the 14th of each month. Email: support@yogisurprise.com and we’ll respond promptly. If your membership has already renewed and you’d like to cancel an upcoming shipment, you must request cancellation by the 3rd of the month to be eligible for a refund. IF YOU DO NOT CANCEL PRIOR TO THE THIRD DAY OF A CALENDAR MONTH, YOU CANNOT BE REFUNDED FOR THAT MONTH’S SHIPMENT. WE DO NOT OFFER REFUNDS ON BOXES THAT HAVE ALREADY BEEN SHIPPED. To request cancellation, simply click here and submit the contact form or email us: support@yogisurprise.com. We’ll get back to promptly!",obstruction
20% OFF VALENTINE\u2019S DAY FAVOURITES * | LIMITED TIME ONLY,urgency
"No, I will book without trip secure.",confirmshaming
Homeware Trends,none
Recent searches,none
Age verification required to view profile,none
Only 11 Left In Stock,scarcity
 Color Yellow Smoke Blue Pink Orange,none
"Someone in Vancouver, Washington purchased a Orthofeet Men's Orthotic Insoles about 38 minutes",social_proof
Refuse 25% off? Confirm cancellation of discount.,confirmshaming
QUICK! ONLY 1 LEFT IN STOCK,scarcity
"Add ₹100, Get ₹100 Cash Bonus!",fake_urgency
4 SEATS LEFT,scarcity
Professional Color Tool Kit / Addons,misdirection
ONLY 4 LEFT!,scarcity
Yes! Upgrade my purchase,misdirection
156 sold in last 24 hours,social_proof
The page you were looking for doesn't exist.,none
Men's Accessories ,none
HURRY ONLY 9 LEFT IN STOCK!,scarcity
Fly-tastic Deal for You,none
Specs,none
Hurry up! Discount Ends in DAYS HRS MINS SECS,urgency
"NO, I'LL PAY FULL PRICE",misdirection
"3,081 people have viewed this item",social_proof
OFFER ENDS IN: 00:32:04 TIME IS RUNNING OUT!,urgency
MOST POPULAR,social_proof
Read More ,none
228 People Have Viewed This Product Recently!,social_proof
Skip the ₹1000 cashback? Confirm your choice.,confirmshaming
Cleaning Brushes & Tools,none
 EDC-V Megalodon Bottle Opener - Brass (Exclusive),none
Drawstring Backpacks,none
selected language日本語currencyJPY,none
Email notifications enabled by default. You are now subscribed to marketing.,hidden_subscription
• State-by-State Restrictions,none
You have no items in your basket.,none
Deal closes in 0:00:30 – hurry!,fake_urgency
Only 1 left In Stock,scarcity
"JOHN in Toowoomba City, Australia purchased a Resin Tank 7 hours ago",social_proof
Interactive Tent Finder,none
Awntech New Yorker Window/Entry Slope Awnin ...,none
"After trying several other shades of red, I’ve tried this one and just love it. It is the perfect shade of brown with beautiful red highlights, very rich color, and very beautiful.",none
Hurry! Only 6 left in stock.,scarcity
People also buy this with,misdirection
 Cases for Magsafe Refine by Product Type: Cases for Magsafe ,none
Flat 50% off,none
I absolutely loved it! It made everyone laugh and my desk gets an obscene amount of compliments for it. The quality is superb! I am now definitely going to be a loyal shopper at PosterGully,none
FREE NECKLACE FOR MOM 01Days 01Hrs 35Mins 02Secs,urgency
1 LEFT,scarcity
Office Supplies & Decor,none
 PG Picks: Skin Care for Incontinence ,none
Someone in Faizabad just bought: Pretty Love Penis Sleeve 7 inch an hour 2 minutes ago,social_proof
"Someone from Rochedale, Queensland, Australia started buying this!",social_proof
"An item you ordered is in high demand. No worries, we have prioritized your order.",scarcity
LIMITED TIME! - Save $5 OFF Orders $70+ Coupon: SAVE5 - PLUS - Free Gift on Orders $125+,urgency
Log in / Create an account,none
Only 8 left in stock. Almost Gone!,scarcity
Only 4 items left – limited stock alert.,fake_scarcity
"To cancel subscription, send a physical letter to our headquarters.",obstruction
BE QUICK 00:57:33 DON'T MISS OUT,urgency
" is full of sorrow and joy that weaves the life stories of its characters, exploring relationships, illness and loss * Manchester Weekly News *",none
Flash Sale ends in SHOP NOW  ,urgency
"""We'd love to send you emails with offers and new products from New Balance Athletics, Inc. but if you do not wish to receive these updates, please tick this box.",misdirection
"No thanks, I don't want a free gift.",misdirection
01 Hours 37 Minutes 48 Seconds 1/10s,urgency
Unlock full access with a free trial. ,hidden_subscription
 Shop ,none
3 people are looking at this product,social_proof
Hurry Up! Only 1 Piece Left,scarcity
OH SO POPULAR! 21 bought in the last 7 days.,social_proof
Limited edition – only 3 pieces remain.,fake_scarcity
We guarantee to match a lower online price.,none
Swedish Hasbeens,none
Whey Protein Isolate,none
Baby Nursing & Feeding,none
"Jeremy in Stockton, United States purchased a",social_proof
 Coloured Pencils ,none
ONLY 5 LEFT IN STOCK,scarcity
Grab FLAT 8% OFF* on Buses,none
Security Cameras,none
"No thanks, I'm not interested in saving money.",misdirection
You left 2 items in your bag Released in: 29 minutes :07 seconds,urgency
Media Players,none
 SAF Warriors ,none
FAMILY SHADE PACK | PICK YOUR PACK,none
Flowers Trivia:,none
LAST CHANCE - UP TO 70% OFF - ENDS IN: 20 HRS 28 MINS 30 SECS,urgency
Add ₹1 to your ticket to support a child's education.(pre-selected),forced_continuity
Only 1 products left,scarcity
Only 2 left – selling fast!,fake_scarcity
 Latest looks from Myleene Klass Shop now ,none
Only 2 units left!,scarcity
" Your company account is blocked and you cannot place orders. If you have questions, please contact your company administrator. ",none
activate within 10:00,urgency
"Free 30 days, then ₹1499 automatically every month.",hidden_subscription
Act now and save $12.99. Limited time only!,urgency
2 customers recently bought it,social_proof
"1 Netflix offer: Not available to customers with an active Netflix offer from Vodafone. Available only on Red+ Lite, Unlimited, Red+ Essentials and Red+ until the 8th of August 2019. Exit fee of $60 applies if you exit or transfer your plan before 6 months. Plan exit fees may also apply. Netflix Offer: One year Netflix ‘Standard’ plan ($14.99 a month) credit will be applied to your Netflix account on activation. At the end of your credit, you will be charged at your Netflix plan rate unless you cancel your Netflix subscription. Cancel Netflix at any time. Netflix compatible device required. See eligible plans and full Netflix terms.",hidden_subscription
beautifully written prose,none
Only 8 items left in stock!,scarcity
ONLY AVAILABLE FOR A LIMITED TIME,urgency
Let's make sure you have everything else you need,misdirection
Only 1 in stock,scarcity
3 people bought this item last week.,social_proof
ONLY 1 LEFT!,scarcity
John Boos,none
 Military Discount ,none
50 fantastic deals,none
"No, I’m fine with ads.",confirmshaming
Trending now! Added to basket 490 times today,social_proof
 Worldwide ,none
Fashion Forward,none
LIMITED TIME OFFER!,urgency
"No thanks, I've got too much cool Glock stuff!",misdirection
Someone in Castle Hill bought a Philips Essential LED Downlight Kit | 5W 4000K few hours ago.,social_proof
Limited stock – 1 left in this variant.,fake_scarcity
Join Zomato Gold to get FREE delivery on this order!,forced_continuity
"Your subscription starts, unless you've cancelled during the trial",forced_continuity
404 Orders,social_proof
Add items worth ₹78 more to get FREE delivery,fake_urgency
We don't give out your details to third parties.,none
Present your Fave voucher (it's in the Purchases tab under My Fave) at the outlet.,none
 Irwin ,none
Light Works,none
6 other people looking at this item,social_proof
Sale ends soon:,urgency
Get PRO 70% OFF 13:59,fake_urgency
"IBKUL Solid Mock Neck Half Zip Pullover purchased from Clinton, MD, US 1 minute ago",social_proof
NRA Firearms For Freedom,none
Hand & Foot Skin Care,none
New In ,none
 Lighting,none
Hurry up! Only 4 left in stock,scarcity
Only 1 item left,scarcity
 Send Us Your Jersey ,none
 MIN Twins ,none
Hurry! Only 1 Pair left!,scarcity
"No, I don't want a discount",misdirection
Only 3 Left,scarcity
Radio and GPS Pouches,none
0 DAYS22 HOURS13 MINUTES21 SECONDS,urgency
"No thanks, I like paying full price",misdirection
Only 7 left!,scarcity
Flat 12% off up to Rs. 1500 on your first domestic flight booking!,none
Bike Parts & Components,none
On Sale! Limited Time Offer!,urgency
Viewed 744 times today,social_proof
Popular Item! 🔥 16 people are viewing this and 18 recently purchased it.,social_proof
Pre-order 3 left,scarcity
Hot Deal! 4 people are viewing this car right now,fake_scarcity
Only 4 left,scarcity
"No Thanks, I Prefer Paying Full Price",misdirection
 Summer Simple Breathable Socks ,none
Get Up to 15% OFF* on AirAsia Flights,none
"Only 1 left , In Stock",scarcity
 A-Z Luxury Brands ,none
Blue Raspberry,none
Subscription will extend automatically at the end of the period.,forced_continuity
Expires on 31 Mar,fake_urgency
"19,302 people have added this item to cart",social_proof
"By continuing, you agree to auto-renewal at the end of your billing cycle.",forced_continuity
Limited quantity remaining,scarcity
 Home / Black Tapered Belted Cigarette Trousers - Myasia ,none
"Crystal Li in Flushing, United States purchased a",social_proof
 Searching...,none
"No Thanks, I'd rather pay full price",misdirection
View All Bearings,none
Only 2 left in stock. Make it yours.,scarcity
"NO THANKS, I DON'T WANT 20% OFF MY ORDER",misdirection
Mom & Baby,none
Select Your Year,none
10 Left in stock,scarcity
 Subscribe! Don’t be caught empty handed ,none
Activate within 0:30:00,urgency
Shop All Vape Kits,none
Women's Acid Wash Scoopneck Sweater,none
About UsNews & Articles,none
1 item left,scarcity
Hot new releases,none
LIMITED OFFER: $125 Off + 2 Free Pillows,urgency
Limited Time Offer,urgency
WAX Jeans,none
Shoes & Clothing,none
Valid only on orders above ₹999. Maximum discount ₹120.,none
Girls Trousers,none
"50% OFF Everything (yep, even sale) + $5.99 Shipping* ENDS IN 12h 13m 56s",urgency
"Someone in Shelby twp, United States just bought Galaxy Note 8 10000mAh ZeroShock Battery Case 3 days ago",social_proof
"To cancel, speak to retention specialist first.",obstruction
"Available, only 2 left",scarcity
 Unstitched Fabric ,none
Brand: Ray-Ban® | Similar products from Ray-Ban®,none
Only few items left in stock,scarcity
"NO THANKS, I DON’T MIND MISSING OUT",misdirection
Shotgun Bore Mops,none
Only 7 left in stock.,scarcity
Hair type: Curly,none
"Sign Up To Our Newsletter To Receive News, Offers And Promotions.",none
 Join NRA or Renew,none
Stay with us in India,none
 Mobile Terms of Use ,none
Free Shipping & Easy Returns always! ,none
"Happiness is to hold flowers in both hands. Furthermore, flowers make for an integral part of all occasions and celebrations........ Read More...",none
HomeFlowersColourful Mixed Roses Bouquet,none
No thanks! I don't like deals,misdirection
Platinum-Dipped Rose,none
deal selling fast,fake_urgency
11 11 Hours: 00 22 Minutes: 3223 3223 Seconds,urgency
"No thanks, I will pay full price.",misdirection
" Mystic Topaz: Rings, Earrings, Necklaces and Bracelets ",none
 Bar Stools,none
"No thanks, I don’t want to improve my experience.",confirmshaming
52 people have added this product to bag in the last 72 hours,social_proof
 Rs INR ,none
"Bringing the latest footwear, ‘fits and accessories from the biggest brands, the JD app makes coppin’ the hottest looks even easier!",none
COMBAT GEARHot,none
00 Days 02 Hrs 26 Mins 12 Sec Sale Ends Once The Timer Hits Zero!,urgency
You have been enrolled in automatic delivery every 30 days.,hidden_subscription
"No, I don’t want priority support.",confirmshaming
Activate your free plan now.,hidden_subscription
"You may cancel or renew your membership to the VIP Program or find out more information about your VIP Program subscription, including your annual expiration date, by contacting support@grove.co.",obstruction
 Maker Faire News ,none
"No thanks, I'm not interested",misdirection
67% offers claimed. Hurry up!,scarcity
 First name * ,none
Synthesis E-MTB Carbon Wheelset,none
"If you wish to cancel a membership, please contact our Customer Services Department on UK: +44 808 164 8264 (standard local call charges will apply) or via email on customer.service@beautypie.com. You can also contact the Customer Services Department by post at: Beauty Pie Limited, Customer Service Department, The Point, 210 New Kings Road, London SW6 5NZ, United Kingdom. Please quote your order number in all correspondence.",obstruction
"Someone from Huntingtown, Maryland, United States purchased TopCoat® F11® Polish & Sealer - Web Special Kits Just Now",social_proof
93 PEOPLE HAVE BOUGHT THIS PRODUCT TODAY,social_proof
7 sold in last 24 hours,social_proof
Barbour International,none
"N++ is all about using your momentum to complete levels and get high scores, but in this sci-fi world, there’s a slew of inadvertently homicidal enemy robots trying to prevent you from completing your goal.",none
ONLY 1 ITEM LEFT!,scarcity
I have not had my hair so soft and shiny in such a long time and my grey was completely covered! So incredibly happy.,none
Skip the free accessory? Click 'Continue without gift'.,confirmshaming
Accept non-essential cookies,hidden_subscription
EXTRA -30% OFF WITH CODE: EXTRA30 Ends in: 0 0 0 0 days 0 0 4 4 hours . 0 0 9 9 min . 2 2 8 8 sec,urgency
" To enable notifications, click 'Allow' when prompted. ",none
 Use a clean vase and clean water.,none
OFFER ENDS 00:54:59,urgency
"No thanks, I’d rather pay full price.",misdirection
Only 2 left!,scarcity
"You may cancel your JustFab VIP Membership at any time. There is absolutely no cancellation fee. If you would like to continue receiving selections, then just skip the month by clicking Skip This Month in your Boutique between the 1st and the 5th of the month. You won't be charged and no member credit will be generated for you. If you no longer want to skip the month, then call our Fashion Consultants on 020 36953830 (local rate) Mon-Fri 8:00AM to 8:00PM and Sat-Sun 10:00AM to 6:00PM or cancel your membership via chat.",obstruction
Premium features active. Standard billing applies after trial.,hidden_subscription
Limited quantity available,scarcity
 shop by trend ,none
Recurring billing is enabled for your convenience.,forced_continuity
Only 9 left!,scarcity
 Riding Culture Neue Lifestyle-Marke bei motoin ,none
2 left,scarcity
EPIC Deals for You,none
Your order is reserved for 09:56 minutes!,urgency
Gifts By Price,none
 Moonstone Beads ,none
 Circa Punches ,none
Only 13 left!,scarcity
Daily Steal Deal Ends in 11h:34m:59s,fake_urgency
Enjoy VIP savings on domain names and related services,none
Hurry! Only Limited Items Left,scarcity
NEED ADDITIONAL HELP?,none
Wait! You forgot...,fake_urgency
Hurry only 8 items left!,scarcity
Hurry up! Prices increase in 0 DAYS 11 HRS 59 MINS 55 SECS,urgency
limited availability at this price!,scarcity
Only 5 Left,scarcity
Stay in the Know,none
RECENTLY VIEWED 2 others viewed this in the last few hours,social_proof
AI usage limits: High vs Higher,none
Only 3 Left!,scarcity
"14 days free, then ₹1999 annual auto-renewal.",hidden_subscription
"Save 25% on your entire order 09 Hours 57 Minutes 34Seconds use code: SPRING25""",urgency
Child Safety,none
Limited Time!,urgency
Enjoy Up to 15% instant discount* on Hotels,none
JerseysPantsSleepwear & UnderwearSwim CollectionT-ShirtsSale Items- View All -,none
BreakThrough,none
EPIC SAVINGS ON YOUR TRIPS,none
Deals for The Weekend,fake_urgency
1 left in stock. Hurry!,scarcity
Felizer Designer Diamond studded Round Dial Metal starp watch for Women & Girls - Silver (Heart design) Analog,none
"No thanks, I’d rather not win.",misdirection
 Learn More ,none
Only 5 left!,scarcity
Over 238 people have bought this product,social_proof
00DAYS00HOURS47MINUTES36SECONDS SALE ENDS ONCE COUNTER HITS ZERO,urgency
These pieces are not yet in stock but will be shipped as soon as they are available. The estimated ship date will be noted on the product page.,none
(Only 1 Left),scarcity
Jeanne E. Bray Memorial Scholarship,none
 E-Gift Cards ,none
Availability: Only 1 Left,scarcity
Need a Hand?,none
Corporate Responsibility Report,none
Cargo Trousers,none
"Alpha BRAIN® is a dietary supplement that helps support cognitive functions, including memory, mental speed, and focus.†",none
 Loyalty Points ,none
Going Fast: Limited Quantities Left!,scarcity
Grab up to 30% Instant Discount*,none
- +,none
"Trusted by over 3,000 institutions",fake_scarcity
6 items left! Order soon.,scarcity
3Days01:49:51 Left,urgency
Hair type: Wavy,none
Almost Sold Out! Only 2 Left.,scarcity
 New In,none
 Space Heaters & Workshop Heaters ,none
Blonde/Bleached Hair: All colors look great. Silver won't be prominent on bleached hair though.,none
Sharmeen Atif From Karachi just bought Stylish Metal Glasses Frames For Kids-Assorted-NA7157,social_proof
 Men's Apparel Collection ,none
I have green eyes and with these bright green contacts makes my eyes look out of this world amazing. I love them and they have lasted months!!,none
"Sayeeganesh in Chennai, India just bought Dhoni the Finisher T-Shirt an hour ago",social_proof
Only 1 left in stock,scarcity
get FLAT 12% OFF* on your first domestic flight booking,none
02 DAYS :23 HOURS :00 MINS :54 SECS,urgency
Sale Clothing,none
ON SALE AT $1.99 FOR A LIMITED TIME,urgency
 Books About Indian Culture ,none
"Howdy stranger, looks like your trail has hit a dead end.",none
Carnival Remotes,none
Someone in Pittsworth bought a Ultimate COLT Anal Training Kit 2 hours ago,social_proof
"NO THANKS, I DON'T WANT TO SAVE",misdirection
Intercoms & Doorbells,none
LAST CHANCE TO ACTIVATE 10% OFF,scarcity
Case Material,none
"No thanks, I like full price",misdirection
Deal ends in 0:00:10 – hurry!,fake_urgency
"Join the 91% of learners who achieved a positive career outcome, like new job opportunities, increased knowledge, and improved performance at work.",none
Brand: NFL Pro Line by Fanatics Branded,none
BABY BOYSShoesClothingAccessories,none
 Read the FAQ ,none
 V&A Collection People Tree’s collaboration with the Victoria and Albert Museum offers a stylish and contemporary capsule collection which celebrates the beauty and variety of pattern which the London museum is renowned for. ,none
 Bob Ross Oil Brushes ,none
Sort by rating,none
 to read up about,none
Grab Up to 40% OFF*,none
. ,none
Tapestry Guide,none
Cancel via phone between 10-11 AM only on Tuesdays.,obstruction
"₹13,999 ₹7,999/year Unlimited learning—Now ₹7,999/year",fake_urgency
VIP OFFERS END 00:54:59,urgency
Skip the free gift? Proceed to checkout.,confirmshaming
Search Result:Search Results: ,none
 Base Layer & Thermals ,none
Call It Spring,none
* Limited Time Offer *\nFREE\nTLPWR1 Test Leads!,urgency
 Paul Henry ,none
Your subscription will automatically renew unless canceled before the billing date.,forced_continuity
13 people have added this to their cart,social_proof
"Buy 3 items, save extra ₹100",none
"WOULD YOU LIKE A FREE NEXT DIRECTORY? Explore all the latest collections from your free Next Directory. By opting in to receive the Next Directory you agree that we may send you, at our discretion, further Directories usually in January and July each year, at a charge of £3.75 per publication. You also agree to receive supplementary Directories and ‘New In’ publications at no additional charge.",hidden_subscription
"Yes, Secure my trip.",none
Shop all,none
Women's ApparelCollection ,none
 Frame out of stock in this colour,none
ONLY 1 ITEM LEFT,scarcity
227 Bought Already,social_proof
18 In Stock,scarcity
1 in Stock,scarcity
commonpandacom@commonpandacom,none
Yaris Remotes,none
3642 BOUGHT,social_proof
My Account ,none
Please Order Within: 0 0 : 0 2 : 4 1 : 10 65,urgency
New deals Every Hour,fake_urgency
"Both of these jerseys are awesome, I couldn’t have asked for better quality.",none
"Free month, then ₹499 monthly auto-debited.",hidden_subscription
1044 sold in past 12 months,social_proof
 EU Delivery & Returns ,none
61 people have already bought that product today with 50% discount,social_proof
Whoops! ,none
Sunwayfoto,none
"Only 3 left, order soon",scarcity
View return policy,none
"No thanks, I'll still want to pay full price",misdirection
02:06:40 left to buy,urgency
Download Now,none
Get Free Delivery on this order! Join Swiggy One.,forced_continuity
"No Thanks, I rather pay full price",misdirection
 Menstrual Products ,none
 Champagne Taittinger ,none
"NO, THANKS. I DON'T LIKE DISCOUNTS ",misdirection
Leslie in USA just Purchased Special Design Exclusive Handmade Silver Ring,social_proof
Free Shipping. Limited Time Only. for orders over $50,urgency
Power Button Covers,none
"Hurry, limited quantities left!",scarcity
7 people have it in their cart,social_proof
cookie host,none
ON SALE: Select Seasonal T-Shirts only $19.99! Limited time only! Save Now!,urgency
All Cross Stitch Patterns,none
Be the first to get updates as well as access to exclusive offers and promotions,none
"₹2,099/month, cancel anytime",none
Golf Shop,none
Accessibly App features,none
Earn 100 goCash on Sign Up & Cashback on Bookings,none
  ,none
 Exclusive offers & discounts for club members via email ,none
I always order from them! Such good quality for the price you pay! Will always be back!,none
"No, I don't want a sweeter deal",confirmshaming
Wondering where to buy White Cloud products in the U.S.? Our distributor list is growing! Bookmark our list and stay tuned!,none
Point & Shoots,none
Trending Players,none
 Search Close ,none
Notion is 50% faster with the desktop app. Plus access app-exclusive features,none
Hair Grooming Appliances,none
"No thanks, I don't like exclusive offers",misdirection
"Save on One-way Bookings: FLAT ₹1,500 OFF*",none
Flash sale – 0:01:00 left on timer,fake_urgency
Value of Product,none
Synthesis XCT Alloy Front Wheel,none
Hurry Up ! Just 2 Items Left in stock,scarcity
AboutOur StoryOur MissionOur ProductsIn the News,none
Limited stock alert: 1 unit per customer only.,fake_scarcity
 Our Carbon Footprint ,none
"No thanks, I don't want to build one.. I'd rather kick rocks!",misdirection
Gift Wrapping Supplies,none
8 people have this in their bag right now.,social_proof
"Natalie in Graham, United States purchased a FREE BTS Answer Magic Pillow about 1 hour ago",social_proof
Skip free shipping? Click 'Proceed without offer'.,confirmshaming
Only 1 left!,scarcity
"If your JR Plus membership has renewed automatically, you have seven (7) days after payment is taken to cancel your annual membership. You must contact Customer Service at (888) 574-3576 within this window and not have made any eligible purchase using the JR Plus service. You will then be provided with a full refund of your membership fee for the renewal year and the JR Plus service will be cancelled from your account. If you cancel during any renewal year after the seven (7) day window expires, you are not entitled to any refund of the renewal fee, even if you have not made any eligible purchase during the renewal term.",obstruction
8 customers have bought today,social_proof
 Rechargeable ,none
No payment today. Continue instantly.,hidden_subscription
Only 3 items left – limited stock remaining.,fake_scarcity
 Drive and Focus ,none
HAUTELOOK 04:53,urgency
Bob's Outreach ,none
Influencer Program,none
Imported,none
0011Days:0088Hours:4411Minutes:21125445Seconds,urgency
Fares are slightly higher due to high demand in your area.,none
Signup for email updates from Car and Truck Remotes!,none
ONLY 7 LEFT!,scarcity
 Take time to pay.,none
HOW TO MANAGE SIDE EFFECTS,none
offer ends in 15:00,fake_urgency
FRAMON #2 Code Machine Offer - Limited time offer!,urgency
Build your own powerful multi-vendor marketplace website,none
See all reviews,none
"Someone in Chambersburg, Pennsylvania purchased",social_proof
Recurring billing active – next charge ₹49 on Mar 30.,forced_continuity
Hurry! Only 7 left,scarcity
 Mixed Media ,none
Shop Men's Styles,none
You might also like,none
only 2 left!,scarcity
Browse products,none
10% instant discount,none
Explore categories,none
Your account will be charged ₹89/week automatically after trial.,hidden_subscription
Infrared Night Vision,none
2 people have looked at this in the last couple of hrs.,social_proof
only 1 in stock,scarcity
Purchase or cancel by phone,obstruction
Specialist Tools,none
Less than 10 left in stock,scarcity
"No thanks, I dont want a discount",misdirection
Shop Tops by Pattern,none
7 people looked at this product in the last 24 hours.,social_proof
Dhamaka Price Cash Ends in 00d:12h:08m:20s,fake_urgency
Ribbons,none
Vacation One Shoulder Loosen Long Sleeve Woven Dress,none
You've made the starting lineup. Be on the look out for an exclusive offer for signing up.,none
*Only 2 left in stock. Don't miss out!,scarcity
I already have this item. Do not add this to cart,misdirection
Flash Sale - Almost Over! 00 HOURS : 55 1001 MINUTES : 0550 8778 SECONDS,urgency
I'm willing to risk my trip,confirmshaming
Adjustable Cuffs With Inner Knitted Cuff,none
10% discount on car rental,none
Summer Steal Deals Ends in 01:00:59,fake_urgency
10 SEATS LEFT,scarcity
ONLY 20 LEFT IN STOCK,scarcity
 Synthesis Alloy Collection ,none
 Mixed Wine Cases ,none
 Comfy and looks great ,none
"No thanks, I’d rather pay more",misdirection
Earn FanCash on all purchases!,none
Someone in city just added Radiance - Nebulizing Diffuser® to their cart,social_proof
Only 1 Item(s) left,scarcity
Cracked Nipples,none
Up to 5% back with Amazon Pay Iater,none
How Do I Rinse Off My Overnight Hair Oil Treatment?,none
 Shop All NFL ,none
"Someone from Portland, United States (US) purchased MODALERT recently.",social_proof
Amazing service and quality! Lee up the excellent work.,none
Plus Size Graphic Tops,none
Premium unlocked. Enjoy now.,hidden_subscription
Hair Tools,none
 PHX Mercury ,none
Limited availability – just 1 item remaining.,fake_scarcity
Hurry! Only 1 left!,scarcity
People are Freaking Out Over this Crispy French Fry Hack,fake_urgency
Tick here if you do not want to receive Promotional Offers by Post Tick here if you do wish to receive Promotional Offers by email and/or SMS Tick here if you would like to receive Offers from selected third parties,misdirection
"""No Worry"" Membership Renewal We will bill your credit card on file at the introductory rate of $2.99 per month for the first year, for membership rewards and discounts. At the end of the introductory period, you'll be billed at the regular monthly rate of $3.99 per month. If you don't want your membership renewed, simply contact us and we will cancel your subscription. You will be refunded for the current month's membership fee, less any membership savings you have received. Exclusive Toll-Free Hotline Number Because we want your calls to get top priority, we have a special number for Value Club members only: 1-800-648-4282. Your call will be handled with the utmost promptness, courtesy and efficiency possible.",obstruction
Unsubscribe requires visiting office during 9-5 on weekdays.,obstruction
 Gift Card FAQs ,none
 SAA Oil & Acrylic Brushes ,none
" This product can expose you to chemicals including Hexavalent which is known to the State of California to cause cancer on birth defects or other reproductive harm. For more information, visit ",none
HURRY UP > 09H 42M 39S,urgency
LEGO Sondersets Saison Polybags Promotionals ExklusiveOpens in a new window or tab,none
Only 2 copies left,scarcity
"By submitting this form, you agree to receive marketing and information from Canva",hidden_subscription
Limited Time Sale - Buy Now!,urgency
More than 752 users are adding shapewear to their cart. Is your size left?,social_proof
 Add to Cart ,none
"Sign up for the latest updates, products and offers",none
"Mher from San Angelo, TX Recently made a purchase with Crossrope",social_proof
#6 Bestseller in Rugs This item was viewed 92 times in the last day.,social_proof
Product Starting at ₹199,none
I don’t need premium access.,confirmshaming
You may cancel your membership at any time by calling us at at 855-861-2573 (6:00AM – 5:00PM PST) or by emailing support@luckytacklebox.com. California residents may also cancel your subscription by accessing your Account through the Site.,obstruction
Hurry! Only 9 left in stock.,scarcity
You also agree to receive product-related marketing emails,hidden_subscription
I Don't Like to Save Money,misdirection
3 items left,scarcity
"Ken in Oakland, United States purchased a Dreamville Hoodie a month ago",social_proof
Skip the warranty? Confirm your choice.,confirmshaming
Your order is reserved for 09:45 minutes!,urgency
Cancel your plan by mailing a physical letter to our office address.,obstruction
Custom Board Quote,none
 cm in ,none
No thanks. I don’t want to save money.,misdirection
Epilepsy Safe Profile: this profile enables people with epilepsy to safely use the website by eliminating the risk of seizures resulting from flashing or blinking animations and risky color combinations.,none
Musical Toys,none
FLAT 50% OFF* on Full Refund on Visa Rejection,none
Sale Ends in 5 days 14 hours 42 mins 53 sec,urgency
Limited availability – 1 item per household.,fake_scarcity
Special discount of ₹287 applied. Valid for first 5 bookings of this property,fake_scarcity
Carports & Garages,none
SHOP TRIATHLON,none
By Brand All Men's Brands ,none
Cooper Remotes,none
Only 1 items left in stock!,scarcity
 ★ ★ ★ ★ ★ ,none
JFN Ladies Flat Embroidered Slip-On Dirty Shoes Vintage Thong Sandals,none
Notion is best paired with Calendar. Bring your work and life together with a seamlessly integrated calendar,none
 Redeem Gift Certificates ,none
Only 2 left.,scarcity
Skip the free accessory? Click 'No thanks'.,confirmshaming
Shipping and Duties,none
Estimated VAT overview,none
"LIMITED TIME OFFER 10% OFF - ENTER CODE \""CASES\"" AT CHECKOUT",urgency
Only 3 left in stock!,scarcity
Decline free shipping? Click 'Proceed without offer'.,confirmshaming
Loading interface...,none
Choose your payment day. View your schedule and select pay now.,none
Shop By Fabric,none
Only: 9 in stock now,scarcity
"No, I don't feel lucky",misdirection
 ≡ Filter Reviews Clicking on the following button will update the content below ,none
"ONLY $1.99 FOR YOUR FIRST SIX MONTHS, THEN EACH YEAR YOUR MEMBERSHIP WILL AUTOMATICALLY RENEW FOR $39.99 AND BE CHARGED TO YOUR CREDIT/DEBIT CARD ON FILE. CANCEL YOUR VIP MEMBERSHIP ANY TIME TO RECEIVE A PRORATED REFUND BY CALLING (800) 543-7309. BY SUBMITTING YOUR ORDER, YOU AGREE TO THESE VIP MEMBERSHIP TERMS.",obstruction
Thin and tough - protects from minor scratches,none
Items in your cart are in high demand. But we have reserved your order.,scarcity
Trial activated. Premium access continues unless canceled.,hidden_subscription
Hurry! Only 3 Left In Stock.,scarcity
 Plant-Based Beauty ,none
"No, thanks. I'd prefer not to save.",misdirection
"Tyler in Norwalk, United States purchased a",social_proof
 Entertainment Centers & TV Stands ,none
Upgrade to Premium to watch in 4K / stream on 4 devices.,none
Only 5 left,scarcity
"This product has 4.5 stars based on 12,000 reviews.",none
WilmaNorth Carolina,none
Offer ends in 15hrs 1min 56sec!,urgency
19 people viewed this product per day,social_proof
Deal ends in 0:04:00 – hurry up!,fake_urgency
"Hurry, only 2 left in stock",scarcity
DAYS HRS MINS SECS,urgency
33 people are eyeing this item!,social_proof
Lace Front African American Wigs,none
 Data Processor Privacy Policy: https://videoly.co/privacy-policy ,none
"Healing Crystals are natural beings just like the trees, mountain or flowers. The result of diverse chemical reactions inside the earth over a millennium, gemstones are a true wonder of nature. When you touch a healing crystal, there is a transfer of heat and energy that leads to activation of chakra points. These therapeutic powers noticed in the presence of gemstones are the reason they are called healing crystals. With some crystals as old as the earth, there is immense wisdom in crystal use.",none
Nighty For Honeymoon,none
Flat Top,none
Floral Cross Stitch & Embroidery Kits,none
 Fashion Floral Short Sleeve Dress ,none
Only 867 left,scarcity
Deal Ends In 2 : DAYS13 : HRS10 : MIN24 SEC,urgency
View details,none
What Are Healing Crystals?,none
Clocks ,none
"No thank you, I prefer to pay full price",misdirection
Hurry! Only 6 left in stock!,scarcity
Price dropping in 10 mins! Hurry!,fake_urgency
"No thank you, I prefer to pay for shipping.",misdirection
89 currently viewing,social_proof
Only 3 Left! Get it before it`s gone!,scarcity
Father's Day Gifts,none
B-Series Truck remotes,none
New In Bottoms,none
"By continuing, you agree to enroll in our monthly plan after the trial ends.",hidden_subscription
 This is a green tea without the bitterness. ,none
ONLY 1 REMAINING,scarcity
A customer service specialist will contact you soon.,none
"Like many websites, we share certain information, such as your IP address, device ID or similar online identifier, with certain third parties, such as social networks and advertising networks. This information is used to personalize advertising you see after you’ve visited our website. The California Consumer Privacy Act (“CCPA”) considers our sharing of that information in this manner to be a “sale.”For more information about the First and Third Party Cookies used please follow this link.",none
Add on something to make it extra special!,misdirection
Panther Anole,none
"There's no obligation to buy as an Xtra VIP Member, nor is there any minimum number of months or commitment for membership. You can shop or ‘Skip’ by the 5th of each month, and you can cancel your membership at any time by calling (855) SAVAGEX (open 24/7).",obstruction
Only 4 Left!,scarcity
Add a 30-day free trial of Adobe Stock,forced_continuity
Clearance! Only 4 left in stock.,scarcity
Only 2 Left,scarcity
"Easy, awesome! ready to go. Held a charge first night",none
273 units sold in the last 30 days,social_proof
Country (Optional),none
Want help faster? Log in now. We can help you more efficiently if you log in.,none
 All Shoes ,none
HURRY! ENDS IN: 10 HRS 40 MIN 00 SEC,urgency
The requested page could not be found,none
This is in 5 other carts.,social_proof
 Love the way you pay ,none
Grab up to 15% OFF*,none
"Hurry, only 302 left.",scarcity
"No thanks, I don't like discounts",misdirection
$69.50 For A Limited Time Details,urgency
Sale ends in 0:01:50 – grab your deal now!,fake_urgency
 Customer Support ,none
 Amethyst Beads ,none
I don't feel lucky,misdirection
Currently 8 left in stock.,scarcity
Want a special deal? Bundle and SAVE UPTO30%,misdirection
13:09:27 HOURS MINUTES SECONDS Sale Ends Once The Timer Hits Zero!,urgency
Shop All,none
LIMITED TIME: $10 OFF! DISCOUNT REFLECTED IN PRICE!,urgency
"Only 3 left , In Stock",scarcity
Limited Quantity,scarcity
 Sign In With Google ,none
Every Purchase Helps Your NRA:,none
Shop all interactive whiteboards,none
ONLY 5 LEFT!,scarcity
 VUSE Alto Menthol Pods ,none
Events and Entertainment,none
Product Recycling,none
Offer ends in 03 days 19 hours : 54 mins : 22 secs,urgency
00 DAYS 00 HOURS 29 MINUTES 26 SECONDS,urgency
Please note: we do not ship to PO Boxes,none
 Shop Optics > ,none
Hurry! 1 items left!,scarcity
Start exploring premium features instantly.,hidden_subscription
Last Shape Guide,none
"No thanks, I'll pass on the extra 30% off.",confirmshaming
+ Performance Cookies,none
Want to add one of these?,misdirection
| Add to Compare,none
LAYAWAY SALE WE WILL MATCH YOUR INITIAL PAYMENT. LIMITED TIME ONLY,urgency
only 7 pieces left,scarcity
Try premium risk-free. Cancel anytime.,hidden_subscription
Memory Cards,none
7 sold in the last 48 hours,social_proof
Only 4 left at this price,scarcity
Only 10 Seats Left,fake_scarcity
Stock Low : 6 items left.,scarcity
BSA FAC Air Rifles,none
2 people are viewing this,social_proof
"To cancel your order before it ships, call us.",obstruction
Jewelry and Watches,none
 Italy € EUR ,none
This item is eligible for free replacement.,none
146 people recently purchased this.,social_proof
Limited Time Only - Up to 30% OFF Freshwater Plants! SHOP NOW >,urgency
Don't miss out! We've sold 38 in the last few days.,social_proof
"No, I don’t want extra rewards.",confirmshaming
See why students and faculty alike trust Grammarly.,fake_scarcity
"Denise in Saluda, Virginia bought Terani Couture - 1911E9095 Embroidered Asymmetric Neck Mermaid Gown",social_proof
Hurry! Limited Quantity Available.,scarcity
 Brass Shankh ,none
 Active Filters English English ✘ Remove Filter ,none
Don't miss out on this item! There is only 1 left in stock.,scarcity
Your AccountTrack Your OrdersJoin Celebrations Passport,none
 GeekVape Pursue a Healthy Vaping Experience ,none
Limited Time,urgency
Clearance Optic Accessories Deals,none
ROAD CLOTHING,none
6 months No Cost EMI | Shop now,none
5 million+ reviews,fake_scarcity
Limited edition – only 2 pieces left in stock.,fake_scarcity
Get up to 25% off* on tours & attractions,none
Performance Cookies,none
" Paper, Pads & Blocks Toggle category Paper, Pads & Blocks ",none
We only have few stocks left for this product. Please don't miss the chance.,scarcity
Boxster Remotes,none
Party & Birthday Novelties,none
Here to help,none
We only have 5 left!,scarcity
Toe Ring,none
Only 2 tables left for 8:00 PM.,fake_scarcity
All Girls Clothing,none
62 people have looked at this item in the last few hours.,social_proof
Popular item! 🔥 27 people recently purchased this.,social_proof
Football,none
 Short,none
 Jumpers + Sweaters ,none
 V-neck Casual Loose Vintage Print Short Sleeve T-shirt ,none
Engine Cooling System,none
Auto-renewal is enabled for uninterrupted service.,forced_continuity
Fun Treat Tossing,none
Give a Gift,none
Surgical & Face Masks,none
___,none
Temporary Tattoos,none
"Skin Concerns: Treats mild to moderate acne (including whiteheads, blackheads, pimples, and hormonal acne) and excess oiliness.",none
 Sprouting ,none
Only 3 left in stock,scarcity
Someone from Airdrie & 10820 others bought this item recently.,social_proof
Only 1 item left in stock,scarcity
"Book picture is for illustrative purposes only, actual binding, cover or edition may vary.",none
We uses cookies (and similar techniques) to provide you with better products and services. Your permission will be confirmed if you continue using this website.Read more,none
"No thanks, I don't want discount",misdirection
SAVE TODAY: Save 20% on lighting by Le Klint. Limited time only.,urgency
Limited Stock,scarcity
Terrarium Light Canopies,none
"Nancy in Pennsylvania purchased 24"" Italian Sterling Silver Milano Twist Adjustable Chain",social_proof
Save BIG on Stays with FLAT 15% OFF*,none
View All Home Accents,none
HURRY! ONLY 19 LEFT IN STOCK.,scarcity
Renewal will be processed automatically.,forced_continuity
 Tweet Share Pin It Add Email ,none
" Household Cleaning Kitchen Bathroom Eco Laundry General Cleaning Kitchenware Cook & Bakeware Food Storage & Preservation Kitchen Textiles Appliances Kitchen Appliances Household Appliances Bed, Bath & Living ",none
 Gemstone softwares ,none
"2,221 people have purchased this item",social_proof
Share this product,none
Turn on notifications for live score updates and breaking news.,none
Low In Stock Today,scarcity
Service continues seamlessly after payment cycle.,forced_continuity
HOT PRODUCT Over 250 people are looking at this item.,social_proof
"Someone in Byron Bay, NSW just bought",social_proof
Submitted by Fermin Larracilla Pérez,none
How to cast on,none
"Synne Kristine in Halden, bought Classic Bokksu Subscription (Billed Every 1 Month) (Ships every 1 Months) about 45 minutes ago",social_proof
How/why the homepage uses cookies,none
Boys Purple School Uniforms,none
"To stop auto-renewal, fill this PDF, print, scan, and email back.",obstruction
Compare products,none
Trending now! Added to basket 38 times today,social_proof
Horizon Wide Neck Sweatshirt,none
"Members may cancel their Membership at any time during their Membership term and receive a full refund, less any benefits/savings received in their current Membership term (for example, Buyer’s Club Discounts received or free shipping). Refunds for completed years completed will not be made, even if the Member did not use any of the benefits during the Membership term. To cancel your membership, please contact our customer service department by contacting us at 1-800-375-3006.",obstruction
"No thanks, I don’t want to save",misdirection
12 recently purchased it.,social_proof
Your one-time offer! Enjoy 10% off sitewide. Applied at checkout Offer ends in: 04 hrs 37 min 56 sec,urgency
Partnerships,none
Ends in 1:00:15,fake_urgency
Hurry! Only 2 left in stock – order soon.,fake_scarcity
LIMITED TIME SALE,urgency
Lease to Own conditions,none
Requiring Credit Card for a ₹0 transaction.,forced_continuity
"Available in 3 colors: Black, White, and Blue.",none
 C.P. Company ,none
LAST CHANCE TO SAVE... enter your email to Save 20% on your first order 00 hours :29 minutes :43 seconds,urgency
I don’t want the best experience.,confirmshaming
Go to homepage,none
Load more results,none
Only 1 left.,scarcity
Shipping Insurance Remove Insurance,hidden_subscription
"No thanks, I don't like winning.",misdirection
"Tristan in Markham, Canada purchased a Dragon Baseball Jersey",social_proof
Earn 100% coin back,none
 LOGO BLACK ,none
"1,142 people have added to cart recently",social_proof
Currently less than 10 available,scarcity
Today's sale ends in: 00hours:57min:19sec,urgency
Compare at,misdirection
Baby Bathtubs,none
25% OFF* ENDS IN 00 : 12 : 27 : 15 DAYS HRS. MIN. SEC.,urgency
Skip the ₹300 cashback? Click 'No discount'.,confirmshaming
ONLY 9 LEFT,scarcity
Only 1 left in stock!,scarcity
"An item you ordered is in high demand. No worries, we have reserved your order.",scarcity
"Someone in Ampang, Malaysia just bought",social_proof
Last unit available – will sell quickly.,fake_scarcity
Women's Go-Tos,none
Combination,none
4 bought in the last 24 hours.,social_proof
Your order is reserved for 19:57 minutes.,urgency
Decades Shop,none
"If you click continue below we will be happy to tell you about discounts, money off and new products from Very by e-mail and text,
unless you tell us you DO NOT want to hear about them, by ticking here.
If you would like to receive offers from carefully selected 3rd parties, please tick here",misdirection
Sorry! This product is no longer available,none
 Continue with Facebook Continue with Google ,none
Only 3 left!,scarcity
Buy with humm.,none
Spring Sale Extended,urgency
Mechanic's Wear,none
"Jacob in Seymour, Wisconsin, United States purchased a Bass XL just now!",social_proof
Feedback,none
 shop all ,none
I prefer missing out on premium features.,confirmshaming
 info@chainedandable.com ,none
Only 1 items left,scarcity
Add your favourites to cart,none
"Want more inspiration and styling tips? Dive into The Southern Edit, Southern Tide’s lifestyle blog, and follow us on social media. ",none
 Show Password ,none
OFFER EXPIRES IN: YES NO Want 10% Off Your First Order? 7 minutes 35 seconds,urgency
"Metal - Brass , hollow from inside ",none
Access all features during trial period.,hidden_subscription
1DAYS 04 HOURS 17 MINUTES 18 SECONDS,urgency
Great Value Today,none
Recent Searches,none
8 people are looking at this artwork,social_proof
Get exclusive deals & Manage your trips Login/SignUp,obstruction
Availability: 5 items left,scarcity
ONLY 2 LEFT,scarcity
Only 25 Deals left,scarcity
Price shown includes automatic currency conversion at checkout.,hidden_subscription
STOCK IS GUARANTEED FOR 60 MINUTES,urgency
 Cordless Phones For Seniors ,none
Shop By Brands,none
Only 8 left,scarcity
"No Thanks, I'll let this offer sail away",misdirection
Buy Wearables»,none
I don't want to save money,misdirection
Time remaining: 04:50,urgency
Hurry Low Stock,scarcity
Creators' Council,none
"No, thank you. I prefer to pay the full price",misdirection
Only 65 Items Left.,scarcity
Welcome back! Continue with Google,none
Only 7 left in stock!,scarcity
"HURRY, ORDER WITHIN 16h 59m 06s TO GET 35% OFF EVERYTHING* EXCL SALE & BEAUTY ENTER: DOLL35",urgency
Hurry! Only 2 left in stock,scarcity
ONLY A FEW LEFT,scarcity
HURRY! DON'T MISS THIS DEAL! DAYS 0 1 HRS 1 2 MINS 3 1 SECONDS,urgency
Subscription continues until cancelled. Next payment due in 7 days.,hidden_subscription
eWriters & Graphics Tablets,none
2 left in stock,scarcity
Striped Tops,none
23% left in stock!,scarcity
69 people are viewing this,social_proof
FLASH DEAL: FLAT ₹100 OFF* on Bus Bookings,fake_urgency
"Act fast, only 7 hours left to book",fake_urgency
Free trial for 7 days – then ₹499 automatically charged to your card.,forced_continuity
"No thanks, I want to pay the full price.",misdirection
Colors,none
LightInTheBox 掲載記事,none
 Glows In The Dark ,none
 Cayman Islands USD,none
"Someone in Sasebo, Japan just bought",social_proof
"Mother’s Day is undoubtedly a significant occasion for all mothers. But, for the new moms, it is even more special. If you........... Read More...",none
"No thanks, I don't like to save",misdirection
80 Customers are considering this product right now.,social_proof
Work Solid Simple Crew Neck Half Sleeve Top,none
Men's Sports Bottoms,none
Round Boards,none
We'll auto-renew your annual plan at ₹4999 unless you call us.,forced_continuity
Hugs and Kisses Rose Bouquet $44.99 Discount -$6.75 Delivery $13.99 Tax $3.46 Item Total $55.69,hidden_subscription
Crystal Shivlingas ,none
70% offers claimed. Hurry up!,scarcity
LIMITED TIME OFFER : Grab a Matching Pair & save up 60%!,misdirection
Activate Smarty when you see this window to save! ... Upgrade to Smarty Plus for 7% Cash Back,none
 Candy & Snacks ,none
COLLEGIATE,none
"After getting my jersey on Monday, I am hooked on CoolHockey. I will surely be buying from CoolHockey from now on.",none
Limited-time Offer: Bundle a base and get 20% off,misdirection
Only 2 left in stock!,scarcity
Product dimensions: 10 x 5 x 2 inches.,none
"No Thanks, I like paying full price.",misdirection
異業合作 Cooperation,none
 All Birthday Gifts ,none
 Sale By Category ,none
 JOINT Oil ,none
Baby Boy Jumpsuits and Rompers,none
1 person is viewing this,social_proof
FLASH SALE | LIMITED TIME ONLY Shop Now,urgency
Items in your cart are in VERY high-demand.,scarcity
Shop now. Pay later. Always interest-free,none
Your plan includes auto-renewal. Transaction will process automatically.,hidden_subscription
Bottoms Deals,none
"Rick in Columbia, United States purchased a",social_proof
41 people have looked at this in the last couple of hours,social_proof
"To cancel, chat with bot, get ticket, then email within 7 days.",obstruction
You will be billed automatically at the end of your plan.,forced_continuity
ONLY 13 LEFT,scarcity
Continuous access enabled via auto-renewal.,forced_continuity
ADD WORLD'S MOST COMFORTABLE CHAIRS,misdirection
"1,446 people have viewed this item",social_proof
Less than 7 left!,scarcity
Hurry! Only 2 Left,scarcity
2 people are looking at this listing now,social_proof
Hair Bundles With Closure,none
"Save on Round Trip Bookings:  FLAT ₹2,250 OFF*",none
What people are saying about us...,social_proof
"Someone from Menlo Park, California just purchased Electric Skateboard Motor 6374 190KV.",social_proof
6 people have looked at this in the last few hrs.,social_proof
Graduations,none
2 DAYS 13:06:13,urgency
"NO THANKS, I DON'T WANT TO SAVE MONEY",misdirection
Root Touch Up + Brow Filler,none
Other Applications,none
Limited Time Offer: 10% Off your first order!,urgency
Limited Quantity Available,scarcity
Sale of the day,fake_urgency
" Gift TypeFlowers, Cakes, Plants, etc. ",none
No thanks. I don’t want deals.,misdirection
Solar Powered Paw Print Ground Light,none
Hurry! Only 1 left in stock,scarcity
Shop Plus Shorts by Pattern,none
Shirts & Blouses,none
"Cancel via phone, then confirm cancellation via email link.",obstruction
Last minute deal,fake_urgency
We have 1 left in stock,scarcity
Cheapest direct,none
Parad Combo Deals ,none
"Annie in Cheras, Malaysia just bought: An Abundance of Flowers - Van-Go Paint-By-Number Kit",social_proof
Strong demand! Complete your order before it's too late!,scarcity
Uncheck the box if you prefer not to receive email updates.,misdirection
Shop by Activity,none
"Dog Collars, Leads & Tethers",none
Your free week ends tomorrow – ₹99 weekly auto-debited.,forced_continuity
Extra Soft Cleansing Wipes,none
take me back to shopping,none
"JULIE in Oak Brook, United States purchased a Watercolor Brush Pens 24 Refillable Colors with Travel Case about 10 hours ago",social_proof
Tidal Waves Collection,none
*** Get 50% Off Your 2nd Case OR a Canopy Screen Protector *** A 50% OFF discount will be automatically applied to the lowest priced item in your cart when you check out with more than one item! (excludes Clearance items) Click to Choose Another Item,misdirection
 Every bicycle tells a story ,none
Other people want this. 10 people have this in their cart right now.,social_proof
"HURRY, LOW IN STOCK!",scarcity
"Save ₹1,000 with coupon",none
LESS THAN 5 LEFT!,scarcity
87% offers claimed. Hurry up!,scarcity
How White Cloud Prevents E-Cig Sales to Minors Read More ➞,none
"This genuine Spanish espadrille impressed our buyers so much they ordered them in a variety of gorgeous colours. With its uncomplicated design, plush leather sole and a practical platform wedge, you'll have a hard time getting through the warmer months without them. They're perfect for the beach, casual weekend barbeques or brunch with the girls.",none
Chirag in Anoopshahr just got the JAYS - a-JAYS One+ about 17 minutes ago,social_proof
Your account will be charged ₹99 monthly for premium features.,forced_continuity
"When you join the PetPlus Plan, you are given the option to purchase your membership on an annual or monthly basis and you are automatically enrolled in our recurring billing program. You may cancel at any time by contacting our customer service team, but you will not be refunded for any unused days on your membership if you choose to cancel prior to the end of your billing cycle. You may cancel your PetPlus membership at any time without penalty if you have not utilized any of your PetPlus benefits (including discounts on products and/or services). For customers charged on a monthly basis, if you have purchased products or used services using your PetPlus benefits, we will charge a $25 administrative fee per membership cancellation if the membership is cancelled within three months of enrollment.",obstruction
"Oscar from Cajamarca, Peru purchased",social_proof
50% OFF for Limited Time Only!!!,urgency
Warning: Last items in stock!,scarcity
JUST 1 LEFT!,scarcity
Laundry Care,none
LAST 1 LEFT,scarcity
Transmission and Driveline,none
"HURRY, THERE ARE ONLY 9 ITEM(S) LEFT!",scarcity
DON'T MISS ON THESE AWESOME ITEMS / DON'T MISS ON OUR TABLE DECORATION SYSTEM,misdirection
5 left,scarcity
"No, I don't want to reach my fitness goals.",confirmshaming
I’ll skip better features.,confirmshaming
Only 22 left in stock!,scarcity
All Little Boys Clothing,none
"The presence of flowers is enough to make any occasion or moment truly a memorable affair. Flowers can make an ordinary room extremely beautiful. Flowers are widely used in decorations, as gifts, or even as ornaments on various dresses. People can explore a variety of fresh vibrant flowers such as roses, tulips, orchids, carnations, sunflowers, chrysanthemums and a lot more through the help of our online gifting store. All these beautiful flowers will be delivered at your desired destination in blooming condition only. With an unmatched beauty and fragrance, these gorgeous and lovely flowers can easily mesmerise any individual in an effortless manner.",none
40 users are currently active on our website just now.,social_proof
 Data Processor Privacy Policy: https://triplelift.com/privacy ,none
 Black / White Refine by Color: Black / White ,none
 Select shake flavor: ,none
 Brand case & cloth included ,none
Only 16531 items left in stock!,scarcity
 Sunflower ,none
88 PEOPLE VIEWED ITEM IN THE LAST 24 HOURS,social_proof
All Brands A-Z ,none
Your cart is reserved for 14:57 minutes!,urgency
Christmas Craft Ideas,none
Limited time: 0:02:00 remaining on this offer.,fake_urgency
2049 sold in the last 7 days,social_proof
Recurring payment setup complete. No further action needed each month.,hidden_subscription
Graphic T-Shirts,none
SAVE $300.00\nfor limited time,urgency
"Hurry, only 2 left in stock!",scarcity
 Most-Hearted Styles Shop Now ,none
Speak with our customer-care executive who will help you with your buying.,none
FANSTASTIC DEALS,misdirection
"Plus, get free shipping on your first order!",none
"No thanks, I'll pay full price instead of saving ₹200.",confirmshaming
Please note all products are made in limited quantities and we rarely restock - checkout now so you don't miss out!,scarcity
Offer ends in 0:00:12 – grab now!,fake_urgency
"Michael in Pontiac, United States purchased a  ",social_proof
"No thanks, I'll pay without the 40% coupon.",confirmshaming
Discount pending $10 OFF 00:30:00,urgency
"When you visit any website, it may store or retrieve information on your browser, mostly in the form of cookies. This information might be about you, your preferences or your device and is mostly used to make the site work as you expect it to. The information does not usually directly identify you, but it can give you a more personalized web experience. Because we respect your right to privacy, you can choose not to allow some types of cookies. Click on the different category headings to find out more and change our default settings. However, blocking some types of cookies may impact your experience of the site and the services we are able to offer. ",none
5338 people viewed this in the last hour,social_proof
Readers looking for some old-fashioned storytelling with a sprinkling of magic will find it here. ,none
Price valid for next 0:02:30 only.,fake_urgency
Only 498 left,scarcity
Trial converts to paid automatically. Cancel to avoid ₹599 charge.,forced_continuity
Someone in Red Cliffs bought a RHK Yamaha YZ/YZF/WRF 99-16 Blue Pursuit Footpegs 3 minutes ago,social_proof
Only 3 available,scarcity
Free trial active. ₹399 will be charged automatically after 14 days.,forced_continuity
Availability: Low Stock 4 Remaining,scarcity
Selling fast!,scarcity
Order by these dates to get it by Valentine's Day.*,none
Household,none
Everything was perfect. The delivery was very smooth and the products were in great condition as well.,none
5338 people bought this,social_proof
" This site uses cookies to provide and improve your shopping experience. If you want to benefit from this improved service, please opt-in. ",none
Soft Flexible (Classic) ,none
 dFresh - Fresh Products ,none
Sale ending in 0 days 04 hours 12 minutes 10 seconds,urgency
ONLY 1 LEFT,scarcity
"""Your purchase entitles you to the following special""",misdirection
Politics And Legislation,none
Only one left in stock - order soon!,scarcity
Kick those cravings,none
Items reserved for 15:00,urgency
Best Deals On Exchange,none
Only 7 left,scarcity
ONLY 8 LEFT,scarcity
RegionBracket Right,none
 Plastic ,none
What is a cookie?,none
 Microsoft Xbox One S Wireless Controller » ,none
Your order is reserved for 07:28 minutes!,urgency
"You choose: just one box, or a  Madison Reed Membership?",misdirection
"No thanks, I don't like good deals.",misdirection
 Face Masks,none
High Gable Sheds,none
This campaign was taken down for content reasons,none
 For Wife ,none
and future features included!,none
Enjoy premium features free for 7 days. ,hidden_subscription
"Samuel in Minneapolis, United States purchased a Pod Juice Jewel Mint Cool ❄️Nicotine Salt e-Liquid 15/30ml 7 hours ago",social_proof
MORE WAYS TO SHOP,none
 Round Neck Casual Loose Patchwork Printed Short Sleeve Blouse ,none
 Women's Bags ,none
"25,439 people have viewed this item",social_proof
"No, I don't feel lucky.",misdirection
Big Domain Savings,none
In Stock only 3 left,scarcity
"Someone in Flemington, United States purchased Anti-Aging Eyelid Tape (Contains 100 Strips) Just now",social_proof
Easy Release Cleat Kit,none
Towel Rails & Racks,none
Someone in Canberra purchased\nADV.2 (Austracantha) about 41 minutes ago,social_proof
90% offers claimed. Hurry up!,scarcity
All Scrapbooking Supplies,none
The World Fair Trade Organization Label guarantees that People Tree follows Fair Trade best practices in our organisation.,none
 CAMILLA World ,none
Filling Fast,fake_scarcity
Your subscription auto-renews unless cancelled 72 hours before.,forced_continuity
339 users are currently active on our website,social_proof
"At 86% off, who could say no?",confirmshaming
 Air Purifying Plants ,none
Only 9 Left.,scarcity
"No thanks, I don't want any deals",misdirection
25% OFF SELECTED JACKETS Limited Time,urgency
"Alyssa in San Antonio, United States purchased a iTunes Japan Gift Card 10000 JPY about 35 minutes ago",social_proof
Offer ends in 0:00:45 seconds – grab now!,fake_urgency
Ending in 0:00:35 – hurry before price rises!,fake_urgency
Auto-refill enabled for your monthly supply. Card will be charged.,hidden_subscription
Cancel by emailing us and waiting 14 days for confirmation.,obstruction
Really good quality contacts and they work well on my eyes. Would definitely order again!!!!,none
Only 10 left in stock,scarcity
Ignore 50% off? Press 'Continue without discount'.,confirmshaming
Expand My eBay,none
Ericdress Round Neck Three-Quarter Sleeve Mid-Calf Pullover Fall Women's Dress,none
Enable cookies to use the shopping cart,none
Offer ends 0Hours:04Minutes:46Seconds,urgency
167 piece(s) left for this promo,scarcity
Oxfords & Loafers,none
 Personalised Chocolates ,none
"Order now, only 2 left in stock!",scarcity
00DAYS07HOURS09MINUTES39SECONDS,urgency
 Chair Accessories ,none
Best Seller with Hot Deal,fake_scarcity
Free climate compensated shipping & returns,none
Only 16 Left in Stock!,scarcity
Your membership auto-renews every year on the same date.,forced_continuity
"Book now for ₹5,000 (Fully Refundable)",none
Product Feature,none
96 ITEM(S) LEFT IN STOCK!,scarcity
Recovery Best Sellers,none
3DAYS124606,urgency
JFN V Neck Lace Cut-Out Basic T-Shirt/Tee,none
Limited stock!,scarcity
"No thanks, I'd rather pay more than save ₹300.",confirmshaming
Back Yard & Spa,none
1 day 08:15:25,urgency
7 left in stock,scarcity
Low Stock,scarcity
Price valid for next 0:01:05 only.,fake_urgency
I’m okay with limited access.,confirmshaming
Perhaps you could...,none
 Polar Lights II ,none
" Looks like your cart is empty, let's fix that! ",none
All You™,none
 Temple Locks ,none
"YOU MAY CANCEL YOUR WINE CLUB MEMBERSHIP OR ANY HOLIDAY SHIPMENTS AT ANY TIME BY CONTACTING US AT 1-877-975-9463, AND WE WILL PROMPTLY STOP PROCESSING THE RECURRING PAYMENTS.",obstruction
Low in stock,scarcity
 Salt Bender Tank and Shorts Combo ,none
 Remove Product? ,none
"Rose in Portland, United States purchased Green Eco-Friendly iPhone XR Case about 54 minutes ago",social_proof
Rain surge active. Order now,fake_urgency
Prices subject to change without notice. Products shown may not be available in our stores.,none
Speed Lace Accessory Kit - Orange,none
"Great prices, professional customer services",none
Occasion: Anniversary,none
 Shop All Men's Boots ,none
Limited Edition Honeycomb Necklace (Bee Inspired) Someone purchased a Limited Edition Honeycomb Necklace (Bee Inspired),social_proof
Don't Know Pincode?,none
"Hurry, only 3 left!",scarcity
"Son in Suisun City, United States purchased Commander Lex",social_proof
Lasers ,none
"To add to Wishlist, please register or sign in.",none
Flash sale ends in 0:00:45 – hurry!,fake_urgency
Last 1 in stock,scarcity
Embossing Powder,none
ALMOST GONE - only 2 remaining!,scarcity
A-Z Luxury Brands,none
"Yes, I Want To Save Money!No Thanks",misdirection
"Order soon, only 1 left!",scarcity
Returns an Item,none
Retro Cordless Edison Bulb Lamp,none
72% offers claimed. Hurry up!,scarcity
No thanks. I don't like free things...,misdirection
Straight Hair Extensions,none
Stone Island Junior,none
 Ladies Flower Print Casual Fashion Dress ,none
Session expiring soon!,fake_urgency
"Sierra in Cypress, California bought Beauty In All Dress, Dusty Blue about 46 minutes ago",social_proof
Cheryl in Ontario bought 100% Organic Reishi Mushroom Powder 100g about 16 minutes ago,social_proof
Only 3 left in stock – will sell fast.,fake_scarcity
 Tires,none
"For more information about the VIP Rewards Club Membership, to purchase or terminate a membership, or to start or stop automatic renewal of a membership, contact Ross-Simons Customer Service by postal mail at: Ross-Simons, 9 Ross-Simons Drive, Cranston, Rhode Island 02920; or by email at customerservice@ross-simons.com; or by calling the VIP Rewards Club priority line at 800-835-3799.",obstruction
Update payment method redirects to choose new plan,obstruction
Annual membership renews automatically using saved payment method.,forced_continuity
Bearded Dragon Substrates,none
"Ken in Three Bridges, United States purchased All Zebrawood + Olive Ash",social_proof
No. 1 choice of 10M users,fake_scarcity
Checkout within 04:10 so we don't run out of stock!,urgency
Cancel subscription? Please call between 10-11 AM on weekdays only.,obstruction
Limited Time Only! 20% Off,urgency
"Annual, billed monthly",obstruction
 WANNA COLLAB? ,none
 Mountboard ,none
 Screws & Other Fixings ,none
Deal ends in 5 minutes – act fast!,fake_urgency
Limited Time Offer!,urgency
Availability: In Stock Hurry! Only 8 Left!,scarcity
Boys Green School Uniforms,none
Manage Consent Preferences,none
"No, I prefer paying the cover charge.",confirmshaming
Only a few more left!,scarcity
1 Left,scarcity
You are enrolled in automatic payments. Cancel anytime before renewal.,forced_continuity
 Contact Lens Washer ,none
Fave x GrabPay,none
"LOW IN STOCK, only 2 left",scarcity
FLAT 10% OFF* on Primo Bus Bookings,none
Receive news and updates on new products,none
Hurry up! 6 people other than you have this product in their cart,social_proof
"Cancel via app, then call to verify identity within 3 days.",obstruction
"Someone in Madrid, Spain just bought",social_proof
Auto-renewal active. Your plan extends automatically each month.,hidden_subscription
"No thanks, free stuff isn't for me.",misdirection
"mark in richmond hill, United States purchased a Fugoo Tough 11 minutes ago",social_proof
 Teething Remedies ,none
HURRY! ONLY 11 LEFT IN STOCK.,scarcity
"Here for a limited time. 4.5"" Red Bottle Sticker w/ Adam's Logo",urgency
 By Doug,none
71 people have purchased this item,social_proof
 powered by: Cookie Information ,none
 View In Your Room ,none
Select your size below and we'll email you if it comes back in stock!,none
Save 86% | ₹ 99.00 for .in or .co.in †New customers only. 1-year term.,none
 Baby & Toddler Toys ,none
 Midleton Very Rare ,none
7 customers have this in their basket,social_proof
Body Washes,none
Wall art,none
Hurry up! Sales Ends in DAYS HRS MINS SECS by Beeketing ,urgency
Use the left and right arrow keys to navigate the Menu. Use the enter key to activate the submenu on a navigation item. Use escape key to close the submenu. ,none
Someone purchased a FORWARD REVIVE WOMEN'S RED WHITE HUSTLE T-SHIRT 32 minutes ago,social_proof
FootwearHome & Office,none
*,none
Someone in Bacchus Marsh bought a Noosa Basics Deodorant Stick - Sensitive (60g) 27 seconds ago,social_proof
Filter by price,none
3 left in stock,scarcity
Warne Mounts,none
Prices shown for delivery to JAPAN Change delivery country,none
Institute for Legislative Action,none
 Mitre Saws ,none
 Landofcoder can power almost ANY marketplace you think of,none
Only 2 items left,scarcity
Welcome Newcomer,none
Limited time offer,urgency
Support Feeding India. Add ₹3 to your order (pre selected),hidden_subscription
 Read More ,none
 Gold Refine by Color: Gold ,none
"By starting your trial, you authorize us to charge your payment method unless you cancel before trial ends",forced_continuity
A Ritual of Light,none
ONLY A FEW LEFT IN STOCK,scarcity
Only 1 left in Stock!,scarcity
Hurry! This special sale ends in 2h 42m 0s,urgency
Last one available,scarcity
only 5 left in stock,scarcity
 I love this phone case! 😍 #phonecase #hiraeth #appleiphone #apple #rosegold #loveit ,none
Last purchased at 11:19am today.,social_proof
"Hurry, this style is selling fast!",scarcity
"These cookies are necessary for the website to function and cannot be switched off in our system. These cookies are usually only set in response to actions made by you which include a request for services, such as setting your privacy preferences or logging into your account.",none
"Chelsea in Burlington, Wisconsin bought Take Out The Boat Jumpsuit, Blackabout 13 minutes ago",social_proof
"No thanks, I don't want delicious recipes",confirmshaming
Early 2026 Deal,none
The Hoop Destination. Discover more,none
 Eyelashes ,none
Save up to ₹250*,none
127 People viewed this product this week,social_proof
Thermostats,none
FREE Delivery for Orders Above rs 149,none
1 people are viewing this currently,social_proof
"Exposed Membership (recurring subscription) and Cancellations  If You order with Exposed Membership, you are selecting a recurring billing subscription, where You will receive a new kit approximately every 60 days. You are able to cancel by contacting Exposed customer care at 1-866-404-7656, 8am – 4pm Pacific Time, M-F.  If You are part of our Monthly installment program, You will be billed in two monthly installments for each acne kit shipped. Each kit will be shipped every two months unless your membership is canceled. To cancel Your Exposed Membership, You must: 1. first pay in full for all kits that have been shipped 2. and, then contact Exposed customer care at 1-866-404-7656 8am – 4pm Pacific Time, M-F to process Your cancellation.",obstruction
"Hurry, Limited Time Offer! 11:25",urgency
HURRY ONLY 1 ITEM LEFT!,scarcity
Frequently Asked Questions,none
Carry Bag added - ₹4(pre selected),hidden_subscription
I'd rather pay full price,misdirection
"No Thanks, I don't like exclusive deals.",misdirection
Search for similiar products,none
17 people have added this item to cart,social_proof
"Upto 20% Instant Discount* on flights, hotels, buses & cabs",none
We only have 8.0000 left in Stock,scarcity
new merch coming soon,none
This is how you can reject or delete your cookies,none
I am very pleased with the service I received.,none
Up to 10% Additional OFF* Per Holiday Package Booking,none
"Someone in Arden Hills, United States purchased 120ml Young Napoleon | Best Strawberry Shortcake eJuice | Vaporham Lincoln eLiquid about 42 minutes ago",social_proof
"Bobby in Decatur, United States just purchased",social_proof
We have 6 left,fake_scarcity
"Jamie in Nashville, United States purchased",social_proof
Highline Double Wheel Bag,none
31 have it in their cart,social_proof
This subscription renews automatically unless you turn off auto-renewal.,forced_continuity
Want Free Shipping?,misdirection
Boys Shorts,none
Why I chose this:,none
Men's Pullover Sweaters,none
Expires in 0:00:20 – grab before it's gone!,fake_urgency
Sale ends in 0:00:55 – don't regret!,fake_urgency
"No, I don’t want to save money.",confirmshaming
Animals & Action Figures,none
"Hurry, before it is gone! Limited time remaining!",urgency
This product was viewed 26 seconds ago by someone from Princeton,social_proof
Website Accessibility,none
Click and Collect T&C,none
Daystate FAC Air Rifles,none
20 units left,scarcity
Automatic currency conversion applied,hidden_subscription
"Abbie in Calwell, Australia purchased Shark Bite Socks about 1 hour ago",social_proof
ONLY 3 LEFT IN STOCK!,scarcity
 mens long sleeve organic shirt ,none
Healthy Diet,none
24 sold in last 24 hours.,social_proof
Hurry up! Only 11 items left,scarcity
"BERNARD in Philadelphia, United States purchased a",social_proof
Don't forget the essentials Get up to 2 years of accidental damage coverage with AppleCare+.,misdirection
 We value your privacy We use cookies to improve your website experience. We also use third-party cookies for marketing purposes. Learn more. ,none
Low Balance. Add ₹100 to book your ride.,none
LIVE REMAINING STOCK,scarcity
Only 6 items left,scarcity
High demand! Delivery prices may rise soon,fake_urgency
308 viewed per day,social_proof
Toddler Boy Underwear and Undershirts,none
 Limited Edition Colors ,none
Browse by A-Z,none
Feeding Nightwear,none
"No, I'd rather pay full price.",misdirection
FLASH 19:15:22,urgency
"Leah Rich in Louisville, United States purchased a",social_proof
Juniors' Shoes,none
Beach Towels & Mats,none
This offer is available while supplies last.,none
🔥 2 people are looking right now,social_proof
 Butterscotch Cakes ,none
137 users are currently active on our website,social_proof
Hurry up! Sale Ends in,urgency
We'll automatically charge your card ₹1499 for the next term.,forced_continuity
JFN Crew Neck Floral Vacation T-Shirt/Tee,none
Deals you'll say WoW!,none
1 people bought Jotter To Do Refill in the last few hours,social_proof
Pro Boost Treatments,none
"Stacey in Saint Marys, United States purchased Extra Long (10 Ft) Fiber Cloth Sync & Charge USB Android Cable - Assorted Colors about 30 minutes ago",social_proof
Low Stock Alert: Only 8 left in inventory,scarcity
"Hurry, only 6 left in stock!",scarcity
 Buy Tablets ,none
"Ashley in Auburn, United States purchased a Check Plz iPhone X/Xs Case about 24 minutes ago",social_proof
 TERMS OF SALE ,none
FLAT 50% OFF* use code,none
Baby Girl Shoes,none
Are you sure you want to leave without your 40% discount?,confirmshaming
Check delivery options,none
660 people have viewed today,social_proof
Only 4 unit(s) available!,scarcity
9 months and above No Cost EMI,none
"No thanks, I don't like winning",misdirection
"Armin Dinovic bought 10M Runescape 3 Gold Order total: 3,70€ About 10 seconds ago",social_proof
Cancel by mailing us and waiting 10 business days for processing.,obstruction
How Do Our Crystals Looks in Real Life?,none
Start 7-day Free Trial,forced_continuity
Icon MTB Socks - Black/Green,none
"No Thanks, I don't want official software at the best price.",misdirection
Massive Tax Time Sale See Discounts! Sale ends in,urgency
MyStore,none
Less than 6 items left,scarcity
HHR remotes,none
White Plus Size Clothing,none
Black Jewelry,none
Cart will expire in 08:19 minutes!,urgency
Devices ,none
"No thanks, I don't like saving money",misdirection
Protection Filters,none
Recurring billing active. ₹199 will be charged on the same date monthly.,hidden_subscription
High Arches,none
"No thanks, I don't like promotions and exclusive content.",misdirection
Hurry! Only 2 left in stock!,scarcity
22 people have looked at this part recently,social_proof
Tretorn,none
Quick Release,none
2 viewed per hour,social_proof
TiesToys & GamesTravelWatches,none
 Naked Wolfe ,none
4 days 05:46:20,urgency
19 people have viewed this item,social_proof
Write a review,none
 Dry Direct Incontinence Personal Care Daily Living Safety Bedroom Nutrition Mobility Lift Aids Medical Supplies Plus Size ,none
"No Thanks, I Prefer Paying Full Price.",misdirection
"› New Year, New Kit Sale",none
Order in 14:53 to get 2 pillows for free,urgency
Will sell out fast!,scarcity
Great for shine,none
"GRACE from ORLANDO, United States bought Camouflage Jumpsuit 31 minutes ago",social_proof
 Motocross Boots ,none
Cancel membership requires filling form and uploading ID proof.,obstruction
3 PEOPLE VIEWING,social_proof
 Zero Gravity Lift Chairs ,none
Subscription includes auto-pay. Next charge on April 15.,forced_continuity
 Summer Casual Printed Loosen Short Sleeve T-Shirt ,none
BROKEN REMOTE? FIX IT YOURSELF AND SAVE HUGE,none
Only 2 Left In Stock,scarcity
Back by Demand,none
SAVE $200 OFF PUFFY,urgency
Travel All Around the World with Up to 25% OFF*,none
Other CollectiblesPhotos,none
"No thanks, I prefer paying full price instead of saving ₹500.",confirmshaming
We've hidden cancel button in settings > account > billing > manage > cancel.,obstruction
from France,none
LIMITED TIME ONLY 10 OFF 50 SPEND NEW CUSTOMERS ONLY - TERMS & CONDITIONS APPLY,urgency
 Heart Shaped Cake ,none
Card Storage,none
Remove selected car filter,none
"No thanks, I hate saving money",misdirection
Know exactly what’s going on at home and be alerted of emergencies in real time. ,none
"6,743 people have viewed recently",social_proof
Shopping with JD,none
 Terms of Service ,none
Did you know that Shaver heads need replacing every 12 - 18 months? Get the Shaver Guard cleaning spray to extend its life for up to another 6 months!,misdirection
Almost gone – 3 pieces left in warehouse.,fake_scarcity
LCD Ribbon Cables,none
"No thanks, I don't like savings",misdirection
 BACK TO TOP ,none
ENDS IN - Flash Offer - TWO PAIRS OF SHOES FOR $319 PROMO CODE AUTO-APPLIED AT CHECKOUT! 0 Days : 16 Hours : 09 Minutes : 57 Seconds,urgency
Few seats left,fake_scarcity
Candy Melts,none
The best!,none
"Flat 15% Instant Discount* on Domestic Hotels, Apartments & Villas and International Hotels",none
Add ₹3 to your bill to feed the hungry (pre Selected),hidden_subscription
 World of Sweats ,none
Ask a Question,none
Brandon Blackwood,none
7 users have looked at this product in the past 6 minutes,social_proof
Discontinued Item,none
Moroccan Rugs,none
 Intercoastal Performance Pant - True Navy ,none
Contract free,none
 ₪ ILS ,none
ONLY 2 LEFT IN STOCK!,scarcity
View All Home Accessories,none
 Affiliate ,none
166 people have added this item to cart,social_proof
 WWE New Arrivals ,none
LIMITED TIME OFFER,urgency
Ends Sunday! $200 off any mattress . free shipping & free returns!,urgency
Real time 30 Visitor right now,social_proof
"Sorry, this is out of stock. You just missed it.",scarcity
Score! You've Qualified for a Checkout Bonus,misdirection
"Trey in Sparta, United States purchased Stealth Angel Ultra Lightweight & Portable Sleeping Bag about 45 minutes ago",social_proof
Used Rifles,none
 Related Categories ,none
Show Cart,none
"Jumpers, Shirts & T-Shirts",none
We are currently accepting and processing orders from following:,none
 Crossbody & Belt Bags ,none
74% offers claimed. Hurry up!,scarcity
Are you sure you want to miss out on unlimited entertainment?,confirmshaming
 Cosmic Rainbow ,none
KidsAuthentic,none
"William in Pago Pago, United States purchased a",social_proof
This link will open in a new window,none
11 people have purchased this item,social_proof
YOUR CART IS ELIGIBLE FOR AN ADDITIONAL 10% OFF Including Current Promotions + Sale & Clearance 00 hours :29 minutes :26 seconds CHECK OUT NOW,urgency
Limited time - final price reflects extra 29% off,urgency
"Yes, cancel anyway",none
One customer bought this article in the last 53 min.,social_proof
LIMITED TIME ONLY: FREE SHIPPING TO SELECT COUNTRIES ON ORDERS OVER $100!,urgency
"No Thanks, I Don't Like Saving Money.",misdirection
Price drops in 0:03:00 – hurry before it rises again!,fake_urgency
How about these?,misdirection
Your plan renews automatically every 30 days.,forced_continuity
Save 10% on select rental cars,none
Choose Type of Cookies You Accept Using,none
85 have it in their cart,social_proof
Sign up to our mailing list here and be the first to know about exclusive offers and events,none
218 people have added this item to cart,social_proof
Return policy: 30-day easy returns.,none
 Why buy from us ,none
Ducted Vacuum Cleaners,none
65% of our customers added Surefit protection this year.,social_proof
Add to Wish List(13 People Have Added),social_proof
New In Special Occasion,none
Dog Whistles & Lanyards,none
FLAT 10% Instant Discount* on Bus Bookings,none
Only 3 left on our site,fake_scarcity
16 recently purchased it.,social_proof
Lean To Sheds,none
In high demand,fake_scarcity
5 people are looking at this product right now,social_proof
00 HRS 57 MINS 56 SECS,urgency
Plant-based Protein,none
3 LEFT,scarcity
715 people have added this item to cart,social_proof
Email Address*,none
Something went wrong. Please try again,none
Cincinnati Bengals T-Shirts,none
 IZZY MIDI DRESS Ivory ,none
"Mitchell H. Purchased a Dimplex IgniteXL 100"" Linear Built in Electric Fireplace",social_proof
"NO THANKS, I'D RATHER PAY FULL PRICE",misdirection
White Camo Windbreaker - Rock N' Roll,none
See more options,none
American Diamond Earrings,none
 More Sports ,none
Only 4 left in this size!,scarcity
Most popular plan tag,fake_scarcity
"I’ve read and accept the terms & conditions * , I also authorize Bosley to contact me by phone or text utilizing automated dialing equipment, as well as by email or mail with information about appointments, products, services, news or promotions. I also agree to Bosley's Terms of Service. Otherwise, call Bosley at 800-985-6405 to request your FREE information kit or to schedule your FREE no-obligation consultation.",forced_continuity
Grab yourself a bargain!,misdirection
"No thanks, I want to pay full price",misdirection
Only 69 left!,scarcity
 Disposable Washcloths ,none
__________,none
We use cookies to give you the best experience possible. No personal information is stored. Using this website means that you are ok with this cookie policy.,none
Taxes and shipping will be estimated at checkout.,none
MMTBLACK SPECIAL: FLAT ₹150 OFF*,none
"Enjoy 14 days free, then ₹1999 auto-debited annually.",forced_continuity
"Now 30% off - hurry, limited time offer!",urgency
View All New Arrivals,none
LOW IN STOCK!! GET YOURS NOW,scarcity
Jamie from Eloy United States purchased a CBD Oil Vape Additives 4 Pack About 7 hours ago,social_proof
"No thanks, I'll just pay full price.",misdirection
Free delivery available for orders above ₹499.,none
12 customers viewed this product today!,social_proof
"Hurry, Sale ends in 9 Hours!",urgency
limited time deal,fake_urgency
Only 5 pcs left!,scarcity
1 person is looking at this item.,social_proof
"How do I cancel my membership? We are confident you will enjoy your Premium Membership. If for any reason you are not completely satisfied within the first 30 days of your paid Annual Membership, we will refund 100% of your membership fee no questions asked. After 30 days we will refund your membership fee on a pro-rated basis. There are no refunds on Monthly Memberships. To obtain a refund, please contact us at 1-855-253-0822 or by email at wwgoasubscription@program-director.net.",obstruction
Only 2 left,scarcity
Rainbow Li,none
" Port, Sherry & Sweet Wine ",none
64 users bought this product Touch: The Set - Touch XL & TouchUp Makeup Mirror Bundle,social_proof
Long African American Wigs,none
Only 11 left!,scarcity
Countdown,none
Casual Wear,none
Sports ,none
Installation InstructionsPolicies & Terms of UseFinancingSite Map,none
Email categories default to subscribed,hidden_subscription
"Matthew in Charleston, South Carolina just purchased The Puffy Lux Mattress",social_proof
Lowest Price: Only on LIVE,fake_urgency
Your order is prioritized for 13:22 minutes!,urgency
(Only 1 left!),scarcity
Limited Period Offer,fake_urgency
Your order is reserved for 08:48 minutes!,urgency
🔥👁️ 1 person is viewing this.,social_proof
"Check your orders, in-store quotes & more",none
"Nah, I'll pay full price",misdirection
Beetle Remotes,none
"no thanks, I hate fun & games",misdirection
Don’t worry. We’ve got your back.,none
 What's New New arrivals daily ,none
LOW STOCK: Only 1 left.,scarcity
Sunglasses and Eyewear,none
Cancel by mailing a notarized letter to our legal department.,obstruction
"Trusted by 50,000 organizations and 40 million people.",fake_scarcity
 Year of Ours ,none
"Someone in Culgoa, Australia purchased Savelli Epic Mens Comfortable Leather Lace Up Boots Made In Brazil",social_proof
I prefer paying full price.,confirmshaming
Synthesis E-MTB Alloy Rear Wheel,none
Only 14 left!,scarcity
"No Thanks, I don't want a discount",misdirection
only 2 left,scarcity
 sales@scandinavianoutdoor.com ,none
Did you know we have an app? Create shareable art and custom PopSockets designs with our unique image editing tools.,none
"Sponges, Mitts & Bath Brushes",none
Down Jackets,none
 SHIPPING INFO ,none
 OH SHIP! Looks like that page wasn't found ,none
ONLY 1 LEFT IN THIS SIZE,scarcity
9 people are viewing this.,social_proof
style to command,none
Hot Offer. Limited Time,urgency
"Be part of the best family ever & enjoy 15% in VIP Benefits on every order, every day. That's 10% Instant Savings plus 5% back in Rewards Cash on everything. Plus, enjoy 90 days to test run your shoes, socks, and insoles. And so much more! Join today for just $1.99 your first year.",hidden_subscription
"No thanks, I just want the item",misdirection
LIMITED TIME LEFT! 00 : 46 : 11,urgency
ONLY A FEW LEFT!,scarcity
Offer ends in,urgency
Get Personalised Health PlanGet Health Plan,none
Orthopedic,none
"We will also send you an additional email confirming your renewal. Should you elect not to renew your Membership, you may cancel at any time prior to the renewal by emailing us at passportmembership@1800flowers.com and your credit/debit card on file with us will not be charged. A confirmation email will be sent to you. If you email to cancel after your Membership has been renewed, your credit/debit card will have been charged the then current paid annual membership fee for the Passport Program, however you may request, and 1-800-Flowers may grant, a pro-rata refund within its sole discretion based upon the extent that you may have utilized the benefits of the Passport Program and the period of time remaining on your paid Membership.",obstruction
Shop the Look,none
 Wife ,none
 Boardshorts,none
"4.5 out of 5 stars based on 132,419 reviews",fake_scarcity
105 pawrents are buying for their furkids now!,social_proof
Someone in Louisville Kentucky United States Purchased Gold Presidential Bracelet With Watch Buckle 9 hours ago,social_proof
"[NO THANKS, I'LL JUST WALK]",misdirection
Upright Plants,none
77 PEOPLE LIKE THIS,social_proof
Spring Styles ,none
"To stop auto-renewal, email support with 'CANCEL' and wait 72 hours.",obstruction
In Stock Only 5 left!,scarcity
 New In Lunch Boxes ,none
Hurry! Sale ends in:,urgency
Grocery & Liquor,none
Red Tops,none
31 people seeing this product right now,social_proof
Great for keeping track of your pup while at work,none
4 people are looking at this right now.,social_proof
00Days17Hours12Mins13Secs,urgency
"NO THANKS, I'll PAY FULL PRICE",misdirection
LIMITED TIME OFFER! FREE SHIPPING OVER $99 + FREE RETURNS*,urgency
AdjustableSnapbacksSale Items- View All -,none
IN HIGH DEMAND!,scarcity
1 left at this price,scarcity
 Summer Casual Printed Short Sleeve T-Shirt ,none
"You'll lose access to 20,000+ fonts",confirmshaming
Kimberly R.,none
Hair treatments,none
"Products are automatically delivered on your schedule. No obligation, modify or cancel your subscription anytime. ",none
Offer ends in 9hrs 55min 29sec!,urgency
"Oliver in Rotterdam, Netherlands purchased a England Away Soccer Shorts 2018 About 9 hours ago",social_proof
"UP TO 60% OFF SPRING SALE PLUS 10% OFF ALL SHOWERS ENTER CODE SHOWERS10 AT CHECKOUT, MUST END TUESDAY 02DAYS  :  04HOURS  :  13MINS  :  28SECS",urgency
143 BOUGHT,social_proof
Tackle the blank page,none
In high demand!,fake_scarcity
Covered all grays,none
Cowgirls,none
Hurry – 10 people are viewing this product right now.,fake_urgency
21 people looked at this during the last 24 hours,social_proof
 Add to Wish List Add to Compare ,none
 Share on Pinterest ,none
 Don't leave without taking discount ,none
Only 6 left – last chance to buy.,fake_scarcity
Site Wide Savings for the Entire Family! Pricing is off Rogan's Shoes every day Low Prices! Prices are already reflected on the site. Limited time only! Restrictions apply. Online Only.,urgency
"Find your local store, view opening hours and find out where you can get your latest pickup in-store!",none
Vintage Fancy Red Bracelet Watch Women's,none
Shop Disposables,none
 Brushes + Tools ,none
 How to Recycle ,none
💣 00h:54m:03s,fake_urgency
Boys Red School Uniforms,none
Immunity & Well BeingLean Muscle MassWeight LossBulk GainStress & Relaxation,none
3 left,scarcity
 PopGrip MagSafe Refine by Product Type: PopGrip MagSafe ,none
"Email us ASAP (like seriously) at getflat@flattummyco.com and we will do everything we can to update this for you. As soon as you order, we will send you a confirmation email so please check your details carefully.",none
Joybird Design House,none
This size has only 1 left in stock,scarcity
Go Ad-Free for $2.99/month.,none
"Hurry, Only a few left!",scarcity
12 months no cost emi offer,none
"Keith in Champaign, Illinois bought Mini USB Audio Cassette to MP3 Converterabout 56 minutes ago",social_proof
POSTED BY @missladywoolf#motoin,none
11 11 Hours: 00 22 Minutes: 3223 3223 Seconds Sale Ends Once The Timer Hits Zero!,urgency
Subscription stays active unless manually canceled.,forced_continuity
"Sabrina in Paraparaumu, New Zealand purchased a SCHO-KA-KOLA Schokakola energy Chocolate caffeine snack food MRE caffeinated ",social_proof
 Bioactive Custodians ,none
Only A Few Left,scarcity
Only 1 left in Stock,scarcity
"We cannot guarantee door to door delivery for every customer. Buyers in remote areas such as farms, islands, mining camps, small towns, or out-of-towners, etc may need to collect from their nearest freight depot.",none
 Shirts & Blouses ,none
In other users' carts 59,social_proof
Someone in Mount Louisa bought a Coleman Folding Table & Bench Set 2 minutes ago,social_proof
Fewer than 5 left!,scarcity
Only 3 pieces in stock!,scarcity
Q: Will this damage my hair?,none
"By clicking Sign Up, you agree to receive marketing text messages from Southern Tide at the number provided, including messages sent by autodialer. Consent is not a condition of any purchase. Message and data rates may apply. Message frequency varies. Reply HELP for help or STOP to cancel. View our Privacy Policy and Terms of Service.",none
Start SellingSearchWishlistAccountCartCart,none
Hurry! Only a few of these left,scarcity
Sparkling Elegance,none
View all,none
 Free Delivery to Home & Next day delivery available to store* ,none
Looking for your order history?,none
 Clinical Studies ,none
Wedding Cross Stich & Embroidery Patterns,none
"Cancel by logging in, clicking 5 menus, and verifying email.",obstruction
"LIMITED TIME - BUY THE NEW PURPLE PLUSH PILLOW, GET ONE FREE",urgency
Wireless Microphone,none
Flat Iron,none
Accent Chairs,none
Only 1 item(s) left in stock,scarcity
"Our website implements the ARIA attributes (Accessible Rich Internet Applications) technique, alongside various behavioral changes, to ensure blind users visiting with screen-readers can read, comprehend, and enjoy the website’s functions. As soon as a user with a screen-reader enters your site, they immediately receive a prompt to enter the Screen-Reader Profile so they can browse and operate your site effectively. Here’s how our website covers some of the most important screen-reader requirements:",none
We may also disclose your information to third parties who may contact you with details of other products and services which may be of interest. If you do not want your name and mailing details made available in this way please email opt-out@nextdirect.com,obstruction
POPULAR 62 others checked this out in the last few hours.,social_proof
New Vintage Stylish Belt Watch - Women,none
Rose Gold Shoes,none
 Search Search ,none
Converse,none
Rate & Review ,none
"Someone in Joliet, Illinois purchased a Yocan Evolve Plus XL Vaporizer",social_proof
Low Stock! Only 3 left.,scarcity
5 Viewing This Product,social_proof
Americas,none
 PopWallet+ Refine by Product Type: PopWallet+ ,none
 Colored Contact Lenses ,none
ONLY 11 LEFT,scarcity
Accord remotes,none
 Tights ,none
HURRY! ONLY 2 LEFT IN STOCK!,scarcity
 Also notify me about New Arrivals! ,none
Cancel button only appears after watching this 2-minute video.,obstruction
Auto Delivery Program,none
Certified Face Masks,none
"ONLY 5 LEFT, ORDER SOON!",scarcity
Only 9 left,scarcity
Womens Platform Shoes,none
2day 13:49:51 Left,urgency
 Email Address ,none
"Our items sell fast, don't miss out!",scarcity
You and anyone sharing this membership will lose storage,confirmshaming
"Should you cancel after 14 days, you’ll be charged a lump sum amount of 50% of your remaining contract obligation and your service will continue until the end of that month’s billing period.",obstruction
"Joe M from , Bought a Cartoon Caterpillar Rigged 3D Model Recently",social_proof
Computer Accessories,none
00:15:07:45,urgency
Price increases in 0:00:20 – buy now!,fake_urgency
Facebook icon,none
"estiven in Deer Park, United States purchased PreWash™ 4 oz",social_proof
"Fancy some creative inspiration, news and offers? Sign up for SAA enewsletters today.",none
"Size low on stock, only 1 item left",scarcity
5 items left,scarcity
Sara from Philadelphia just saved $68 on her order.,social_proof
Competitions,none
Only 2 items left in stock.,scarcity
OUR BEST SELLING GOGGLE,misdirection
HIGH DEMAND,scarcity
Sale Coats and Jackets,none
9K+ bought in past month,fake_scarcity
AdjustableBucketHeadbandsSale Items- View All -,none
Book now and save BIG on your next stay! Tap to apply now,fake_urgency
"When you place healing crystals in a symmetrical fashion and activate it with a crystal wand, the pattern is charged to send messages to the universe. A healing crystal grid uses sophisticated symmetry for manifestation.",none
I agree to receive marketing emails from Natural Life and agree to our Privacy Policy and terms of use.,forced_continuity
Keep up with crankbrothers,none
Only 3 left in stock.,scarcity
4 items left,scarcity
Lenscap: Damage Only,misdirection
ONLY 12.5M LEFT IN STOCK!,scarcity
Collin P. from Grandview Missouri just bought BURGUNDY TWO BUTTON SUIT ABOUT 5 SECONDS AGO,social_proof
7-day trial with uninterrupted service after expiry.,hidden_subscription
Shop Dresses by Occasion,none
Pillow & Foam Bed Wedges,none
Only 1 Left in Stock. Buy Soon!,scarcity
Sale ends in 0:02:15 – don't miss out!,fake_urgency
 Glow Gear ,none
Only 2 stock available,scarcity
3 other people are currently viewing this item.,social_proof
Almost Famous Jeans,none
Focus remotes,none
Last 3 items in this color available.,fake_scarcity
 Title of Review ,none
Watch how its done,none
Books and Stationery,none
"Debby in Harpers Ferry, United States just bought: Icing Pen Decorating Tool",social_proof
You cannot cancel online. Please visit our store in person.,obstruction
HURRY! ENDS IN: 11 HRS 20 MIN 13 SEC,urgency
"Carl F. from Fort Ann, NY bought a King",social_proof
Cart will expire in 04:53 minutes!,urgency
Only 1 Left in this Size!,scarcity
"FREE delivery Fri, 13 Mar on ₹499 of items fulfilled by Amazon",none
 All Licensed ,none
I would like to join Backstage Pass & agree to the Terms & Conditions & to receive emails & other promotional offers.,forced_continuity
 My Project Lists ,none
Victoria Victoria Beckham,none
We are not currently accepting orders from outside of the UK.,none
Book your next trip for less,none
 Watercolour Brushes Toggle category Watercolour Brushes ,none
"Buy now, you wont lose out",fake_urgency
Selling fast! Add to bag 7 times in the last 48 hours.,social_proof
1 left – almost sold out!,fake_scarcity
JFN Scallop V Neck Solid Casual T-Shirt/Tee,none
Bathroom Lighting,none
"Free week, then ₹99 weekly auto-debit.",forced_continuity
$132.90 $99.00,misdirection
View All Homeware,none
"Try 3 months for ₹49, then ₹199/month after",forced_continuity
24 people have purchased this wine today,social_proof
"Join Gold to waive the ₹2,000 cover charge.",obstruction
"Someone in San diego, United States just bought Gemfield Watch 15 days ago",social_proof
Your Captain has already traveled 1.5 km to reach you. Are you sure you want to cancel?,confirmshaming
"ONLY 5 LEFT, HURRY!",scarcity
113 people have viewed in the last 24hrs,social_proof
Highly rated by recent guests,fake_scarcity
Recurring billing enabled for your convenience. ₹649/month.,forced_continuity
"Only 5 left , In Stock",scarcity
Natural Backgrounds,none
Arthritis Aids,none
No payment today. You'll pay when you stay.,none
Camo Shirts & T Shirts,none
Patient Transfer Devices,none
40% OFF EVERYTHING* ENTER: 40PLT + FREE SHIPPING ON ALL ORDERS OVER $80,urgency
PomeloFashion born in AsiaOn trend. Online. On the go.,none
 Hairy Chest T-Shirt And Shorts Combo ,none
"With Pro, unlock: premium tools to create faster",none
Welcome To Hotter us,none
Herbaceous oil rich in anti-aging polyphenols.,none
"We made cancelling easy – just chat, email, call, and confirm in writing.",obstruction
Pleated Skirts,none
 Box Springs & Foundations,none
"Hurry, Only 4 Left In Stock. Buy Now!",scarcity
Someone in Keilor East bought a Piranta-Edge Skinning Knife - Blaze - Havalon Knives54 minutes ago,social_proof
Nectar,none
2 items left,scarcity
ShopClose menu,none
"No Thanks, I Don't Want a Discount",misdirection
"Hurry! Sale Ends In:

02:59:50",urgency
Aids mental processing†,none
Romantic Ball Gown Tulle Spaghetti Sleeveless Tier Flower Dirl Dress,none
Game Extraction & Prep,none
Guest Favourite,fake_scarcity
TWO FREE PILLOWS AND 30% OFF WITH PROMO CODE,misdirection
"Yearly: Best Value - Save ₹1,300",none
9 items left,scarcity
 Other Snacks ,none
My AccountSign-in to your account,none
Only 1 Left !,scarcity
Royal Python Vivariums,none
 Price Low To High ,none
"Ida in Tangerang Selatan, Indonesia purchased Iseya VG10 G-Series 33 layer Damascus Japanese Chef's Santoku Knife , 180mm about 1 hour ago",social_proof
LESS THAN 8 LEFT IN STOCK!,scarcity
 family ,none
Sale ends in 0:02:00 – don't miss!,fake_urgency
30 people have purchased this item,social_proof
Return my item,none
11 people viewed this today!,social_proof
"Someone in DOVER, United States just bought Crew 15 mins ago",social_proof
New Rifles,none
Hurry! Only 2 left at this price!,scarcity
Irresistable Deals,none
Limited edition – only 4 pieces remain.,fake_scarcity
Your shopping bag is empty...,none
Free 60 day VIP trial membership with this order. Cancel anytime.,hidden_subscription
Toddler Girl Jumpsuits and Rompers,none
#1 Best Seller,none
Wait! Take 10% off Your First Order Deal Expires Soon!,urgency
"No thanks, I don't like deals.",misdirection
 Lens Manual Washer ,none
"In stock, only 1 products left",scarcity
Low Stock – Selling Fast,scarcity
gifts for wife,none
clear text ,none
251 people are viewing this right now,social_proof
History Of The NRA,none
 View product View SAA Standard Membership Renewal - Credit/Debit Card - One Year Only ,none
Last purchase was 18 minutes ago by someone from Dublin,social_proof
ONLY 5 LEFT IN STOCK!,scarcity
FLAT ₹20 OFF* on train bookings,none
Personalize your doll,misdirection
I'll Shop Without A Discount,misdirection
Wallets ,none
Lock this price in 01h:20m:59s,fake_urgency
"No Thanks, I Don't Want a Free Gift",misdirection
"No, I'll pay ₹45 for delivery",confirmshaming
Cellular/Honeycomb Shades,none
"Someone in Paris, France just purchased a Kanpeki Knife Set",social_proof
 Supply & Demand ,none
 Highlight Hover ,none
TSX Remotes,none
 Products ,none
 Write a reviewAsk a question,none
"THE COMPETITION $1,299.99",misdirection
"1 left, order now!",scarcity
"Clothes, Shoes & Accessories",none
"Hurry, only 5 left",scarcity
HURRY! ONLY 58 LEFT IN STOCK!,scarcity
Trial auto-renews at ₹599 after 7 days.,forced_continuity
 Excellent service all round ,none
Skin Concerns,none
 Travel Accessories ,none
"Someone from South Gate, California just purchased the Admiral JR / Spektrum Servo Connector Plug Set (Male and Female - 2 Pairs)",social_proof
94% offers claimed. Hurry up!,scarcity
Promaster City Remotes,none
Price Guaranteed For DAYS/HRS/MINS/SECS,urgency
Only 5 item(s) left.,scarcity
92 customers bought this in the last 48 hours,social_proof
DON'T LET 'EM GET AWAY Several people have recently viewed this item.,social_proof
Celebrity Synthetic Wigs,none
Up to ₹5000 instant discount,none
Anniversary Gifts ,none
"Roommates agreement... need i say more? this is a great poster for the walls of any house that has more than one person living in it. if you're alone, get it all the same - it'll make you laugh at any given time :)",none
135 people have this in their cart,social_proof
Only 5 spots left at this price. Book now!,fake_scarcity
MoTrail,none
 Sold out ,none
About Bob's,none
I do not want to protect my item,misdirection
 Optimized Patch System ,none
"Before you check out, can we tempt you?",misdirection
Experience premium today.,hidden_subscription
There are only 1 item left in stock.,scarcity
Thank you for posting a question!,none
Hair Care Remedies,none
🔥 9 people are viewing this.,social_proof
 Articles: Medical Matters ,none
[new-troh-pick],none
LIMITED QUANTITY,scarcity
Limited time offer.,urgency
"Rs 4,013 (Retail Discount) + Rs 2,997 (Limited Time Coupon)",urgency
Enjoy FREE shipping with WSJwine Advantage,hidden_subscription
"Long Dress Style Beach Cover Up With Lace Detail Jessica in Metairie, United States",social_proof
HURRY! YOUR 10% OFF EXPIRES IN 29:43,urgency
Add and save!,misdirection
4 sold in last 5 hours,social_proof
Limited time deal – ends in 0:02:45,fake_urgency
FLAT 50% OFF* on Any One Cab Add-on,none
Flash sale ends in 0:03:00 – act now!,fake_urgency
Your order is reserved for 09:57 minutes!,urgency
 Sports Bras ,none
NFL Enterprises LLC. All Rights Reserved.,none
Nursing chairs,none
Strip Softbox,none
LIMITED TIME DEAL!,urgency
TRE by Natalie Ratabesi,none
 Best-Selling Products ,none
Wait! Don't go – you'll lose ₹1000 cashback.,confirmshaming
 Menthol Flavors ,none
 Terms of Use Privacy Policy Do Not Sell My Personal Information Request My Personal Information ,none
Don't want free upgrade? Continue with basic plan.,confirmshaming
 Football Boots ,none
HURRY! ONLY 2 LEFT!,scarcity
"We're sorry, this store is closed.",none
Only a few left of this product!,scarcity
In Stock - Limited Quantity,scarcity
Summary,none
Sale ends soon,urgency
Default refund option sends money to Klarna balance,obstruction
Get 5% cashback,none
Free trial available. Payment details required.,hidden_subscription
U.S. Vape Mail Ban FAQs,none
Extremely high demand: expect 2-4 weeks for it to arrive (to be safe). Limit 4 per person!,scarcity
"No thanks, I'll lose the ₹1500 saving.",confirmshaming
only 2 left in stock,scarcity
Hurry only 2 left,scarcity
Returns Information,none
Brand ,none
Marketing emails enabled by default. You can unsubscribe anytime.,hidden_subscription
 Netherlands Antilles USD,none
Your plan will renew automatically using your saved payment method.,forced_continuity
"EastwoodModern, sleek and enchanting, the Eastwood Collection provides comfortable seating while still looking mid-century magnificent.",none
 Upcoming Events ,none
Your first payment will be due on the day of your purchase.*,none
Long and Tall,none
Different Types of Gold,none
A very fun outfit for a less formal event like a sangeet! Husband said the bell bottom type pants were fun to dance in :),none
FREE SHIPPING // FOR A LIMITED TIME ONLY,urgency
Stay on Next.co.uk,none
LIMITED TIME OFFER MEN'S CHINOS & 5-POCKET PANTS BUY 2 FOR $59.90 EACH SHOP NOW,urgency
"No thanks! I'd rather join the """"Pay Full Price for Things"""" club.",misdirection
1day21:04:58,urgency
 Eye Protection,none
DEAL ENDS IN 40:55:13,urgency
Flash sale: 0:02:10 remaining on this product.,fake_urgency
Only 5 left in stock,scarcity
"To cancel account, send a notarized letter within 14 days.",obstruction
(only 5 left),scarcity
ONLY 1 LEFT IN STOCK!,scarcity
In Stock (8) Left,scarcity
Your order is reserved for 09:54 minutes!,urgency
 Payment Methods ,none
"Under ₹1,000",none
Premium Auction Event,none
Over 200 views in 24 hrs,social_proof
 Outdoor Recreation ,none
Traditional Snacks,none
Only 3 left.,scarcity
Only 1 item left!,scarcity
"Monira in Doha, Qatar purchased a LilyVanity™ Velvet Box",social_proof
 Track your order by entering your order number and email below or if you would like to create an account or log in (click here) ,none
Top Deals On Tech,none
NRA Whittington Center Store,none
Your plan auto-renews every 30 days. No further action needed.,forced_continuity
Tactical Rifles,none
5 LEFT,scarcity
Starting at₹ 1.00‬,none
About Cheryl's Business Gifts,none
About Ruth Hogan,none
Your order will be reserved for 6:56 minutes.,urgency
For You: Up to ₹40 OFF*,none
"14-day trial, then ₹499 monthly auto.",hidden_subscription
This chart should be used as a guide only. Due to each manufacturer’s size scale inconsistencies may occur.,none
You can feel confident that your new box each month is helping you celebrate pregnancy and protect your bump!,none
See what guests loved the most,none
Show similar items,none
Hurry! Only 15 left!,scarcity
"No, thanks. I don't like great deals.",misdirection
Only 34 Left!,scarcity
33 sold in last 12 hours.,social_proof
The host will stop accepting bookings for your dates soon,fake_urgency
Only 1 left in stock - Order soon,scarcity
Last 6 in stock – limited availability.,fake_scarcity
6 customers have this in their basket,social_proof
 Shoe Care ,none
80% offers claimed. Hurry up!,scarcity
Scarves & Snoods,none
 Functional Marketing Cookies,none
Battery life: Up to 12 hours of continuous use.,none
Purchased 8 times in the last few days.,social_proof
 Gift Cards Collection ,none
Complete your purchase within the next 12:18 minutes and receive 10% off,urgency
Rebecca in Buffalo just bought Sateen Twill Swatchabout 1 hour ago,social_proof
Use an organization email to easily collaborate with teammates,none
Stay Connected,none
9 people are looking right now,fake_scarcity
With 1-year Care Subscription 10 days history,misdirection
I've recommended The Keeper of Lost Things to everyone.,none
"NO THANKS, I DON’T WANT 15% OFF",misdirection
"Flash Sale Alert! You can now buy Utorch Corridor Porch Aisle Lights from Gearbest.com for only $7.99 (47% off). Hurry up, limited time offer!",urgency
 Bra Panty Set ,none
Primary Arms Scopes,none
Photography Projector,none
"Hurry, only 1 left!",scarcity
Tight Bud,none
Used Leica Cameras,none
6 others have already bought this deal today!,social_proof
Wish Your Loved Ones Instantly with Ferns N Petals International Services,none
I'd rather not save,misdirection
"Customize your phone with hundreds of grips, cases, wallets, and more.",none
Get started for free. Upgrade happens automatically.,hidden_subscription
"Sudha rana from Jaipur bought this product, 23 Mins ago.",social_proof
Other Promotions,none
No thanks. I prefer paying full price.,misdirection
"Carol in St. Louis, Missouri bought Original USB Charging Anti-Theft Backpack",social_proof
Plan auto-renews to avoid service interruption.,forced_continuity
ShoesBootsCasual ShoesFormal ShoesSandals & Flip-flopsShoe Care & AccessoriesSlippersSneakers & CanvasSports Shoes,none
Items will be reserved in your cart for 19:10,urgency
James from Colonia purchased a,social_proof
 Accessibility statement ,none
Your order is reserved for 09:58 minutes!,urgency
"You may change the items in your order, or cancel the Smartship at anytime, up until 3 days prior to the scheduled ship date of your Smartship by calling Customer Service at 1-800-518-0284.",obstruction
Baby Size Guide,none
"touching, funny and romantic",none
Someone in New Lynn bought a Kogan A1 Earphones with Inline Control for IOS/Android 1 hour ago.,social_proof
4 people have purchased this item,social_proof
57 PEOPLE HAVE LOOKED AT THIS TODAY,social_proof
Protect Your Gear,misdirection
Golf Remotes,none
Amazing Deal for You: Grab FLAT 10% OFF* ,none
 Sustainably made,none
Last chance – only 4 items remaining.,fake_scarcity
Get it fast! 14 added to bag today,social_proof
Set up Accounts Center to sync your profile info and find your friends.,none
Only 5 Left in Stock. Buy Soon!,scarcity
Subscribe & Save,misdirection
"Nah, I like paying full price",misdirection
"There is no commitment and no minimum to buy. Please note exact shipment times may vary. To customize this program or future shipments, call customer service anytime at 1-800-THICKEN (844-2536).",obstruction
Polycarbonate,none
 Subscribe To Us Subscribe ,none
" ... It covers love and loss, friendship and pain through ",none
"Business, Office & Industrial",none
Join the Team,none
"To start your return, simply click on the following button and add your return details. Once the form is filled, you will receive an email with shipping instructions for how to ship the item(s) to our warehouse.",none
Availability: Only 4 Left!,scarcity
"No thanks, I'll pay full price!",misdirection
No thanks. I'd rather pay full price.,misdirection
In demand,scarcity
Aromatherapy ,none
You can either livechat or email our support team with any questions or concerns. We are always ready to help. ,none
 Women's Sandals ,none
"We are one of the best online printing technology & solution company successfully serving local and international customers to cherish the joy, love and precious moments in life with various products. Being an instrument to spread your joy and love in a beautiful way we take pride in providing the best quality services. ",none
Printed ,none
 help@postergully.com,none
Only 14 left,scarcity
"Sign in, save money",none
"Marc in Newton, United States purchasedKTM Stand Plate Large KTM...",social_proof
GCC Compliance,none
Only 7 remaining – price rises soon.,fake_scarcity
161 people have viewed this item,social_proof
Grab up to ₹50 OFF* on booking your first train ticket,none
Trowels & Putty Knife,none
 A Date With Duchess ,none
"Jessica in Orange, United States purchased a Black 1920s Sequin Maxi Flapper Dress 12 minutes ago",social_proof
FOR THE ULTIMATE EXPERIENCE: (Can select more than one),misdirection
 Subscribe ,none
 Watches & Accessories ,none
Tree Frog Terrariums,none
232 people are viewing this offer!,social_proof
LOW STOCK (ONLY 10 LEFT!),scarcity
Glow Gear,none
FilterSortFeaturedPrice: Low to HighPrice: High to LowAlphabetical: A-ZAlphabetical: Z-A,none
Hair Care Sets,none
HURRY! £32.99 UK DELIVERY ENDS SOON,urgency
₹1.5 Crores (1st Prize),fake_scarcity
Exotic Bird Food,none
High-Waisted Shorts,none
"No thanks, I'll pay full price",misdirection
"No Thanks, I don't like free stuff.",misdirection
Top Deals,none
3 Left!,scarcity
Up to 80% off,none
Enter your email VIEW MY CODE OFFER EXPIRES IN: 0 minutes 00 seconds EXTRA 10% OFF,urgency
iPhones,none
 EVO SP All EVO SP parts and accessories ,none
 View all Oil & Acrylic Brushes categories ,none
Sale ends in 0:01:45 – don't wait!,fake_urgency
 Sign in & make your visit all about you ,none
Save up to 60% on all TLDs we offer,none
sweatshirts,none
Only 2 units left in stock,scarcity
View Alternatives,none
"NO, I'D RATHER PAY FULL PRICE",misdirection
SAA Standard Membership - Credit/Debit Card - Automatic Annual Fee,none
Someone in Yanchep bought a 52mm Mechanical 'Performance' Boost Gauge - Blue/White 9 seconds ago,social_proof
 Tony Bianco ,none
Availability: Low Stock,scarcity
This item is in high demand.,scarcity
994 items sold this hour.,social_proof
"894 Claimed! Hurry, only a few left!",scarcity
"To qualify, simply verify your status during checkout on the payment step. We verify through ID.me, our trusted technology partner for secure digital identity verification. ",none
Pay weekly ,none
Allow All,none
Screen print graphics,none
Gold Collection,none
2 LEFT,scarcity
Bring your website to life in minutes.,none
Heat Mats & Strips,none
Deal expires in 0:00:08 – hurry up!,fake_urgency
ONLY 1 WATCH LEFT,scarcity
'Keeper of Lost Things',none
Only 8 left in stock,scarcity
"We'd like to send you weekly emails packed full of our lovely products, clearance goodies and cool stuff to win. You can unsubscribe at any time. If you DON'T want to receive these emails, please tick this box. We'd like to send you the occasional brochure so you can get a regular fix of our lovely product! You can unsubscribe at any time. If you DON'T want to receive these brochures, please tick this box. We'd like to introduce you to other brands you might love who will post you the occasional brochure. You can opt out of this at any time. If you DON'T want to receive these brochures, please tick this box.",misdirection
"PROTECT YOUR SOFA! Your Humblebum Sofa in Thatch house fabric will look wicked! Why not add Castelan Fabric Protection to cover your new squish machine against wine spillages, messy TV dinners, and other disasters for just just £80?",misdirection
Someone from Norway purchased a Super FG Grater - 12x Faster - 15% OFF,social_proof
Tube Tops,none
 Home » ,none
Limited-time Deal,scarcity
"Location: Kansas City, MO",none
 韓國香氛 Cosmic Mansion ,none
Only 2 left in stock,scarcity
Only 1 left in stock.,scarcity
Only 1 Left!,scarcity
Last chance! Only 1 left,scarcity
Cross Body,none
SAVE 57% WITH ANNUAL PLAN,none
"No thanks, I don't want the free gift.",misdirection
We're offline,none
HURRY! ONLY 31 LEFT IN STOCK.,scarcity
Only 3 items left,scarcity
"No, I’m okay with fewer benefits.",confirmshaming
"In Stock, Only 1 Left!",scarcity
Only 33 left,scarcity
"The Dry Direct Ultimate is a great product, the best we have found. Customer service is very efficient, and deliveries have always been on time. We are very satisfied with Parentgiving in all aspects.",none
Mens Footwear,none
 Cat's Eye Beads ,none
Trending Style! Sold 4 times today,social_proof
 Women's Summer New Clerk Large Size Loose Cotton And Linen Blouse ,none
Diamond Nose Studs ,none
 Our Story ,none
Get 20% off Sample Doors! ×Offer Ends In 58 : 29 Use Promo Code sample20off,urgency
"no thanks, I like paying full price",misdirection
Only 4 left!,scarcity
 Crystal Beads ,none
I don’t want to upgrade my experience.,confirmshaming
Kicks Remotes,none
3 Left,scarcity
Limited stock Only 2 left,scarcity
BOTTLES LEFT 3,scarcity
"The site was easy to navigate. I haven't received my shoes yet, but overall a good experience.",none
8 items left,scarcity
Carpet Python Vivariums,none
"Jeremy in Warroad, United States purchased a",social_proof
NRA Annual Meetings & Exhibits,none
Romper Swimwear,none
Current Offers,none
"Someone in Petaling Jaya, Malaysia just bought SNEAKERGUARD Midsole Paint Marker - BOOST White",social_proof
• Recommended to be used with Downy for better long lasting freshness ,none
LIMITED TIME ONLY *on select models,urgency
How about one of these hot sellers?,misdirection
 Low Price Guarantee ,none
IN 43 PEOPLE'S SHOPPING BAG,social_proof
only 5 left,scarcity
 Please click ,none
Grey Jewelry,none
Over 38 bought,social_proof
Someone in United States just purchased a,social_proof
No I don't feel lucky,misdirection
"Don't miss out, only 2 left in stock",scarcity
Price drops in 0:02:30 – buy before timer ends!,fake_urgency
 Accessories Collection ,none
Chatting,none
Select Occasion close,none
Clarity Remotes,none
 Resend One time Pin ,none
I don’t care about exclusive benefits.,confirmshaming
Womens Plaid Clothing,none
Pay With:,none
"Package RecyclingWe do try when possible to reuse packaging from our own suppliers in order to send purchased items to our customers, we ask if the packaging is still in good condition after you've received your goods then please try to use it again or recycle if not possible.",none
"128 sold today! Hurry, only a few left!",scarcity
Our customers say Excellent,fake_scarcity
Full HD 144Hz IPS Anti-Glare (1920 x 1080) FREE Upgrade (Limited time offer!),urgency
Wall Mounted Air Conditioners,none
Material: Made with Cordura fabric,none
Only 1 piece left.,scarcity
 Fashion Bags ,none
Explosive Offers! 80% Off Everything 07:25:41,urgency
78 Persons looking for this product,social_proof
FOR A LIMITED TIME ONLY,urgency
Hurry! Only 1 Left In Stock,scarcity
Quick Navigation,none
Sellout risk:,scarcity
Make mistake-free writing your superpower.,none
Expires in 09h:08m,fake_urgency
"No, I don’t want better performance.",confirmshaming
Christian Dior,none
"No thanks, I don't like getting free stuff.",misdirection
Only 9 Left!,scarcity
Order Subtotal $19.99 Standard Delivery $12.99 Care & Handling $2.99 Tax $2.38 Total $38.35 Savings Today $10.00,hidden_subscription
"By contacting sales, you agree to the Terms and Conditions and Privacy Policy. California residents, see our CA Privacy Notice.",none
lego harry potter,none
Product Tagline,none
Harry Potter ,none
Arrow,none
"SALE ENDS IN 19 DAYS, 9 HOURS, 50 MINUTES, 54 SECONDS",urgency
HURRY! LESS THAN 129 LEFT.,scarcity
Shop All Golf Balls,none
Your order has been reserved for,urgency
Merchandise: $69.99iService Charge: $14.99 Total Before Tax: $84.98 Estimated Tax:$5.63Order Total: $90.61,hidden_subscription
"Shopper from Saint John, NB viewed Lenovo ThinkCentre M710t 10M9000RUS Desktop Computer 3 minutes ago!",social_proof
View All Tops,none
TVs,none
Only 4 items left in stock.,scarcity
LIMITED TIME ONLY,urgency
 Electric Daisy ,none
 Kyanite Beads ,none
"30-day free, then ₹2499 auto-renew annually.",hidden_subscription
Color Block,none
Work With More Buyers And Sellers?,none
"Someone in Saint Kilda, Victoria purchased Frank Queen Size Bed Base",social_proof
Returns / Warranty,none
"No thanks, I’ll stick with basic features.",confirmshaming
Big Saving Days,none
 Printed Long Sleeves Casual Blouse For Women ,none
No thanks I definitely measured correctly,misdirection
Hurry Up ! Time is running out,urgency
Limited quantity! ,scarcity
Nightforce New Year Clearance,none
FREE* Kimono Dress & Japanese Treats with Holiday Package Bookings,none
Only 8 left – hurry before they're gone.,fake_scarcity
Starts in 23h:25m,fake_urgency
Medium AI preference default selection,none
International Shipping Policy,none
"Jonathan in Syracuse, United States just bought Electric Skateboard Battery Pack 36V 10S2P 4 hours ago",social_proof
"HURRY, ONLY 1 LEFT!",scarcity
SAVE 10% On All Orders. No Voucher Code Needed Expires in 18:07:59.,urgency
現代奴隷法に対する透明性に関する声明 (opens in a new tab),none
 View all Ink categories ,none
"Ends in 1 Days, 4 Minutes, 44 Seconds",urgency
Order without free membership $69.95,misdirection
Only 1 left in online stock,scarcity
 Explore more styles from this printspiration ,none
View your order history,none
Items in your cart are selling fast,scarcity
Low in stock: only 1 left.,scarcity
Become an Affiliate,none
 #CERTIFIED_FACE_MASKS ,none
Bathroom Basins,none
"Click here to use our website with more accessibility support, for example screen readers",none
Flexible ticket upgrade available,none
Macro Focussing Rails,none
Limited time - Free Shipping on all orders*,urgency
 Laundry & Cleaning ,none
ONLY 4 LEFT,scarcity
(ONLY 1 LEFT IN THIS SIZE!),scarcity
Warm Tips,none
✕,none
 Casual V-Neck Sleeveless T-Shirt ,none
STAY IN THE LOOP!,none
Free Embroidery Patterns,none
 Data Processor: Amobee ,none
         Customers report 17x ROI across every workflow and team. See how these departments make an impact with Grammarly.,fake_scarcity
I WANT TO PAY MORE LATER ;),misdirection
Less than 10 left!,scarcity
Cropped Jeans,none
" Born for adventures across land, desert, and ice. Cruise over Tarmac-free roads or adapt it to be your 'do anything' commuter. ",none
Get Up to INR 7500 Cashback*,none
Black Jeans,none
Reloading & Ammunition,none
"Items in your cart are in high demand, but we have reserved your order.",scarcity
Last chance – offer expires in 5 minutes!,fake_urgency
Use the domain shortly after payment,none
Jewelry Care Kit,none
"Due To HIGH Demand, Cart Expires In: 08:41",urgency
"Mounif in Pittsburgh, United States purchased",social_proof
"Prior to the automatic renewal and billing, we will notify you in advance (via the email you used at the time of enrollment) of (i) the pending renewal, (ii) the then current fees and charges applicable to the Passport Program, and (iii) where you may find more information about the Passport Program. We will also send you an additional email confirming your renewal. Should you elect not to renew your Membership, you may cancel at any time prior to the renewal by emailing us at passportmembership@1800flowers.com and your credit/debit card on file with us will not be charged. A confirmation email will be sent to you.",obstruction
Trusted by 1lakh+ users,fake_scarcity
SELLING FAST! GET 10% OFF THIS ITEM. ACTIVATE NOW.,scarcity
Pick the price that matches your budget. ,none
Anaheim DucksArizona CoyotesCalgary FlamesChicago BlackhawksColorado AvalancheDallas StarsEdmonton OilersLos Angeles KingsMinnesota Wild,none
"No Thanks, I Don't Like Exclusive Offers.",misdirection
Hurry! Almost Sold Out...,scarcity
Nicholas Kirkwood,none
"Laurie in Urraween, Queensland bought No Brainer USB Charging Anti-Theft Backpack",social_proof
"Only 2 left, order soon",scarcity
 New Arrivals,none
Manufacturer warranty included for 1 year.,none
Hurry up! 22 people other than you have this product in their cart,social_proof
Packed with Super Citrimax,none
Favored By: 400 people!,social_proof
 All Brands A-Z ,none
24 people currently interested,social_proof
"Click here to cancel – wait, you must call us first to verify.",obstruction
 Redirecting to Futech Deals for secure checkout... ,none
"NEW CUSTOMER OFFER Upto ₹7,500 Cashback!",none
Upto ₹1000 OFF* on Outstation Cabs,none
12% discount applied,none
Other Items On Special Offer:,misdirection
Only 26 Left,scarcity
"Keyboard Navigation Profile (Motor-Impaired): this profile enables motor-impaired persons to operate the website using the keyboard Tab, Shift+Tab, and the Enter keys. Users can also use shortcuts such as “M” (menus), “H” (headings), “F” (forms), “B” (buttons), and “G” (graphics) to jump to specific elements.",none
Price increase in 0:00:40 – buy immediately!,fake_urgency
Accuscreens,none
Only 1 Left,scarcity
You must fill a cancellation form and wait 7 days for processing.,obstruction
Crochet Baby Patterns,none
Accept All Cookies,hidden_subscription
 Charity Collection ,none
FREE SHIPPING FOR A LIMITED TIME | PRICES ARE IN USD AND INCLUDE ALL IMPORT DUTIES.,urgency
 ALL SALE ,none
Add to Your Gift and We'll Ship it For Free!,misdirection
Already have an account?,none
Not sold separately,none
52 people are looking at this right now.,social_proof
Sell and get 4% extra value,none
"No thanks, I prefer to pay full price.",misdirection
WARNING! Only 5 left in stock!,scarcity
Other 2 customers have it in their cart.,social_proof
Start your free experience today. No charges now.,hidden_subscription
Either because we're updating the site or because someone spilled coffee on it again. We'll be back just as soon as we finish the update or clean up the coffee.,none
0:44:56,urgency
Your shopping cart is empty.,none
In stock | 44 left,scarcity
I don't like discounts,misdirection
"With exclusive prices, our packages save you both time and money.",none
Great choice!,none
Help us #savethefishies.,none
"No thanks, I don't like free stuff",misdirection
 Rudraksha Recommendations ,none
"No thanks, I don't want 15% off",misdirection
CareersAbout UsAffiliatesPrivacy SettingsAdvertise with usHelpSite map,none
BMW Remotes,none
Search by category,none
 Cable Winders ,none
Special Offers,none
"Once a celebrated author of short stories now in his twilight years, ",none
38 people are viewing this,social_proof
"NO THANKS, I DON'T LIKE FREE STUFF",misdirection
 View All Parts ,none
"No Thanks, I'd Rather Pay Full Price",misdirection
Graphic Tanks,none
Sponsored,none
Someone in Egypt bought,social_proof
Was this product description useful?YesNo,none
Your selected plan includes automatic billing every billing cycle.,hidden_subscription
Reloading Tools,none
Hurry! Only 2 left!,scarcity
Don't want an extra year of coverage? Proceed.,confirmshaming
 Safe & Secure Checkout ,none
 Personalised Gifts ,none
or,none
"Grab Up To ₹10,000 OFF* on booking your first holiday package.",none
Custom Kids Headwear,none
Only 8 left – almost gone forever.,fake_scarcity
 Short Sleeve Dresses ,none
We value your input. Share your review so everyone else can enjoy it too.,none
"Buy ₹750 more, save extra ₹75",none
"No, thanks, I´d rather pay more",misdirection
Only 3 left In Stock,scarcity
"Someone from Cape Town, Western Cape, South Africa just started buying Packable Travel Duffel Bag! 5 minutes ago",social_proof
Send as giftexpand_more,none
Only 1 left in stock! Order soon!,scarcity
00DAYS02HRS14MINS1211SEC,urgency
Offer expires in 0:01:15 – don't miss this deal!,fake_urgency
"You may cancel your Minted More membership at any time by contacting Minted Customer Service at www.minted.com/help. If you cancel your membership before your Minted More gift box has shipped, we will refund your full membership fee; provided that we may charge you (or withhold from your refund) the value of Minted More discount benefits used by you and your account prior to cancellation. If you cancel at any other time, your membership fee is non-refundable.",obstruction
Limited Time Remaining!,urgency
More Info,none
"the home is in the top 10% of the eligible listings based on reatings,review and reliability",fake_scarcity
CHF,none
Your subscription will renew automatically at ₹999/month unless you cancel.,forced_continuity
5 in stock,scarcity
LIMITED TIME BLOW OUT SALE UP TO 70% OFF! 110% BEST PRICE GUARANTEE!,urgency
 Cooling & Air Treatment ,none
Only 1 Left in Stock!,scarcity
ONLY 4 LEFT IN STOCK,scarcity
Report a Fake Product,none
210+ bought,social_proof
"No Thanks, I'll Pay Full Price",misdirection
User interface customization persistent cookies are used to store a user’s preference regarding a service. Please note that these cookies are exempt from consent.,none
"Jim in Houston, USA purchased Pure Ratios: Hemp Oil CBD Patch (40mg CBD)",social_proof
"Awhi from Hicks Bay, Gisborne, New Zealand just bought",social_proof
Only 8 left!,scarcity
"No, I'll rather pay full price.",misdirection
All Womens Accessories,none
 Best Deals of the Month: April Edition ,none
Your plan includes seamless auto-renewal at ₹1299/year.,forced_continuity
Someone bought: HYPE BLUE LARGE SPLAT KIDS LEGGINGS,social_proof
"No thanks, I don’t like saving money.",misdirection
99 people are looking at this right now,social_proof
Customers also bought,misdirection
Hurry! Only 2 left,scarcity
Wyse Thin Client,none
"no thanks, I don't like to save",misdirection
POPULAR 64 others checked this out in the last few hours.,social_proof
 adidas Originals Stan Smith ,none
Flash sale – expires in 0:01:30,fake_urgency
Auto-renewal enabled. You will receive recurring charges every month.,forced_continuity
"Your highest offer expires in 23:59:59. Market prices are dropping, accept now!",fake_urgency
Baby Cross Stitch & Embroidery Patterns,none
"Contact our sales team. We can give you a demo, help you choose the best plan, or create a personalised package to help your organisation get the most out of Canva.",none
Long Sleeves Nightwear,none
"Edwin in Woodland Park, NJ just bought",social_proof
Unique and personalized products to go as yourself.,none
 Light Blue Regular Fit Single Cuff Easy Care Shirt ,none
 View All Shoes ,none
No I'd rather not hear about exclusive offers and discounts.,misdirection
Free Shipping,none
"No thanks, I don’t like fun and games.",misdirection
Someone in Spain purchased,social_proof
Diamond Nose Studs,none
SUBSCRIPTION SUCCESSFUL. THANK YOU!,none
Only 2 items left – last chance to buy.,fake_scarcity
Bath Decor,none
60% OFF ENDS IN DAYS HOURS MINUTES SECONDS,urgency
Only a few left!,scarcity
"No thanks, I'd like 0% off",misdirection
"No thanks, I'll pay the full amount instead.",confirmshaming
Only 82 left in stock!,scarcity
I have a strong liking to walnut. Even the sapwood can look very presentable when finished good. Thus cutting board is a great item for use and conversation and looks good. ,none
LOGIN/REGISTER,misdirection
Suggested for you,none
 Active Filters English (United States) English (United States) ✘ Remove Filter ,none
Low in stock: only 2 left.,scarcity
Proceed without free delivery,confirmshaming
Brown Dresses,none
LIMITED TIME: FREE SHIPPING LOWERED TO ORDERS OVER $69.95!,urgency
"Wigsbuy- Online Beauty Store of Fashion Wigs, Hair Extensions & Accessories for Sale.",none
Exterior Accessories,none
Newborn & InfantYouthAdjustableFlexSnapbacksSale Items- View All -,none
"Try 2 months for ₹99, then ₹99/month after",forced_continuity
"No thanks, I don't like FREE stuff.",misdirection
ONLY 14 LEFT AT THIS PRICE,scarcity
" well, this is awkward. ",none
Limited stock – only 1 item per customer remains.,fake_scarcity
"For instance, we use cookies allowing us to remember information provided by the users from a page to another, choices made by users and information provided by users (name, language preference, country of residence…). In particular, we use the following functional cookies: ",none
THIS PRODUCT HAS BEEN VIEWED 480 TIMES IN THE LAST 48 HOURS,social_proof
"Weight Management Shakes help cut cals, control appetite, and drop LBS.* Learn more about Weight Management Shakes.",none
Hair Color + Highlights,none
Crop Tops,none
Ericdress Long Sleeve Mesh Off Shoulder Summer Dress,none
"We'd like to keep you informed via email about product updates, upgrades, special offers and pricing. If you do not wish to be contacted via email, please ensure that the box is not checked.",misdirection
Blankets Throws,none
WhiteBoho Rose Comforter and Sham Set,none
Necessary Protection..,misdirection
Purchase protection added,hidden_subscription
We will remind you before your free trial ends,none
 Shop Sale by Print ,none
Motion Control System,none
Wait! YOUR CART QUALIFIES FOR 15% OFF YOUR ENTIRE ORDER. Offer Expires in: 2955,urgency
"If you are one of those constantly devoted to healthy eating, weight loss plans,..",none
Your card will be charged ₹799 every month after free trial.,forced_continuity
Deals of the Week,none
Competitor Price: $172.00,misdirection
Billing repeats every month automatically.,forced_continuity
I wish to Start Shopping but I don't want to receive daily email alerts about your amazing discounts on luxury brands.,misdirection
SRX Remotes,none
 No reviews yet Write a review ,none
"IF YOU PARTICIPATE IN AN AUTOMATIC RENEWAL SUBSCRIPTION AND YOU HAVE PROVIDED US WITH A VALID CREDIT CARD NUMBER OR AN ALTERNATE PAYMENT METHOD, EACH SHIPMENT WILL BE AUTOMATICALLY PROCESSED AT THE TIME OF EACH SHIPMENT OR INSTALLMENT AND WILL BE BILLED TO THE PAYMENT METHOD YOU PROVIDED TO US AT THE TIME OF YOUR INITIAL PURCHASE AND AGREEMENT TO PARTICIPATE IN THE PROGRAM. IF YOU WISH TO CANCEL YOUR PARTICIPATION IN AN AUTOMATIC RENEWAL SUBSCRIPTION, YOU MAY DO SO AT ANY TIME BY CONTACTING A CUSTOMER CARE PROFESSIONAL AT THE CONTACT INFORMATION PROVIDED ON THE WEBSITE.",obstruction
Your order is reserved for 09:14 minutes!,urgency
Authenticity Guaranteed,none
Continue without interruption after trial ends.,hidden_subscription
Buy 1 Get 1 FREE on Kotak Cards,none
You're leaving without your exclusive welcome bonus – confirm.,confirmshaming
39 people have this in their cart,social_proof
"Our most recent customers are from New Rochelle, Roseville, and Brooksville",social_proof
"803 Claimed! Hurry, only a few left!",scarcity
Product Info,none
 Contact Support ,none
Rare Book Conditions ,none
"Gorgeous, lasting high-quality hair color—crafted in Italy.",none
Mallet E Speed Lace - Black/Silver,none
Mary Janes,none
 newsletter signup (privacy policy) ,none
Shop by Health Goals,none
Hydration,none
"Up to 40% OFF* on Flights, Stays, Packages & More",none
" to resolve the issue, or ",none
"James in Cashion, Oklahoma just bought Glossy Black Brick Geode / Amber Gradient Fast Lanes",social_proof
I'LL PAY FULL PRICE,misdirection
HURRY! ONLY 14 LEFT IN STOCK.,scarcity
DressesFootwearHatsHoodies & SweatshirtsJerseysPantsSleepwear & UnderwearSwim CollectionT-ShirtsSale Items- View All -,none
500+ bought in past month,fake_scarcity
 Out of Stock! ,none
"No thanks, I despise coupons!",misdirection
Subscribe & Save (15%): $ 16.99,misdirection
 You can change your preference here Shop for Select an age ,none
83% offers claimed. Hurry up!,scarcity
"ONCE IT'S GONE, IT'S GONE",scarcity
Limited Time Promo $194.00,urgency
23 People viewing this product,social_proof
(Only 5 Left),scarcity
Crossman Air Pistols,none
Impactful AI for the entire institution,none
I don't want a discount,misdirection
89% offers claimed. Hurry up!,scarcity
 Shop All Lehenga Choli ,none
Enjoy Unlimited FREE Same day/1-day delivery,none
Limited Availability,scarcity
Only 8 item(s) left,scarcity
Someone in Boling Iago Texas United States Purchased Seek Discomfort Sketch White iPhone Case 5 hours ago,social_proof
Don't want free delivery? Proceed without offer.,confirmshaming
AccessoriesCar AccessoriesDressesFootwearHome & OfficeJacketsLawn & OutdoorsPantsPolosShirts & SweatersShortsSleepwear & UnderwearSwim CollectionTailgatingSale Items- View All -,none
"Get up to ₹40 OFF* , on Train",none
Only one item left in stock!,scarcity
"No thanks, I don't want to save up to 75%",misdirection
Free People,none
 Sign In / Join ,none
Selling Fast,scarcity
Decline 50% off? Press 'Continue without discount'.,confirmshaming
 Summer V Neck Solid Color Short Sleeve Waffle T-Shirt ,none
"No thanks, I'll be the last to know.",misdirection
"By clicking “Accept All Cookies”, you agree to the storing of cookies on your device to enhance site navigation, analyze site usage, and assist in our marketing efforts. ",none
Complete 3 more bookings* & unlock goTribe2,fake_urgency
@elsieandpresley_ got some fantastic color results with our Hair Color Wax. Well done 👏,none
*Freight/Higher Freight charges may apply to some areas. Click here to view Shipping Policy,none
2+ people just viewed this product,social_proof
Flash sale – 0:01:20 remaining,fake_urgency
"No thanks, I'd rather pay full price.",misdirection
Pedal Refresh Kit - Doubleshot,none
 Flex Mount ,none
 PopGrip Antimicrobial Refine by Product Type: PopGrip Antimicrobial ,none
Purchased 100+ times in the last few days.,social_proof
Trousers & Chinos,none
Limited stock – 4 items remaining.,fake_scarcity
 手錶 / Watches ,none
Only 1 left,scarcity
You have been subscribed to weekly newsletters by default.,hidden_subscription
" Brilliant! Chose what I wanted, and came a week later. Very happy with my purchase ",none
Low Stock Only 2 left,scarcity
Only 7 in Stock!,scarcity
Your Cart Will Expire In 09:58 minutes!Please note that these items may not be available again if you release them.,urgency
jennifer just bought Rainbow Moonstone Healing Heartabout 6 hours ago,social_proof
 Sweats ,none
Only 4 copies left,scarcity
"Unlock access to over 50,000+ expertly tested recipes. SUBSCRIBE TODAY>>",fake_urgency
Cancel anytime? Just call our premium support line Mon-Fri 10-11 AM only.,obstruction
 Low Maintenance Plants ,none
"Cancel by filling PDF, printing, scanning, and emailing.",obstruction
Refuse 60% off? Proceed without discount.,confirmshaming
Recommended for you.,none
Sign up to stay up to date on all White Cloud news and savings!,none
Will sell out in 3 days,fake_urgency
Only 8 Left!,scarcity
39 recently purchased it,social_proof
READY FOR YOUR NEXT AUTHENTIC NHL JERSEY?,none
Cancel by mailing us and waiting 10 business days for confirmation.,obstruction
35% OFF EVERYTHING* EXCL SALE & BEAUTY ENTER: DOLL35 - HURRY! ENDS IN  16H 59M 06S,urgency
320 items left,scarcity
Your fantasy team is waiting! Play now and get a ₹500 bonus.,fake_urgency
Try now. No upfront payment required.,hidden_subscription
Only 9 units left in stock online.,scarcity
"They look really good with my brown eyes, and they look pretty natural.",none
"NA-KD, White",none
 View All Mattress Accessories ,none
Theresa from Botkins just bought Panoply 14918 A-line Lace Formal Dress,social_proof
AN ITEM IN YOUR CART IS SELLING OUT QUICKLY,scarcity
These cookies are usually set by our marketing and advertising partners. They may be used by them to build a profile of your interest and later show you relevant ads. If you do not allow these cookies you will not experience targeted ads for your interests.,none
"If you cancel your subscription now, your Go access will end on Apr 10, 2026. Any discounts applied will be removed, and can't be used again.",obstruction
Customer support available 24/7 via chat and email.,none
Speed Lace Accessory Kit - Silver,none
Someone from purchased a HOLEES Original Ladies II - Navy About 9 hours ago,social_proof
"Someone in Alexandria, United States just bought TTDeye Queen Green Colored Contact Lenses",social_proof
 Indoor Festive Lights ,none
ONLY 3 LEFT IN STOCK.,scarcity
OFFER ENDS: 09h: 09m: 55s: 0,urgency
Only 1 item left – last chance to buy.,fake_scarcity
In Stock. Only 1 Left!,scarcity
Wait! Are you sure you want to leave without your 20% discount?,confirmshaming
Coin Necklace ,none
Only 3 Left In Stock,scarcity
"Israël in Metz, France purchased a More ADVANCED Chord Substitutions",social_proof
Your 5 minutes of free preview are over. Subscribe to continue watching.,forced_continuity
"Sandeep in Hawthorne, California bought Sadie Ponte Pants - Black Just Now",social_proof
Cancel option hidden inside help center > billing > advanced > account closure.,obstruction
Livefood Subscription,none
Deal ends in 0:00:25 – last call!,fake_urgency
QUANTITY: *ONLY 1 LEFT,scarcity
Limited Time: $10 Off! Discount Reflected In Price!,urgency
"Ketolent subscriptions have no long term contracts. Pause, cancel, or change at any time. Want to swap Vanilla for Chocolate, or set up to renew every 3 weeks? No problem! Send us an email to help@ketolent.com and we'll make the change for you.",obstruction
"Kamal in Lathrop, United States purchased a Father Sons Super Slim Stretch Feather Print Long Sleeve - FS429 4 hours ago",social_proof
Sale closes in 0:01:30 – last call!,fake_urgency
Hurry! Less than 10 left!,scarcity
"No thanks, I’ll skip this amazing super-saver deal. I don’t need so many beautiful textures",misdirection
Discreet packaging,none
Would you like to buy more and save more?,misdirection
Hurry! Only 6 left in stock,scarcity
"To cancel, send a self-addressed stamped envelope to our office.",obstruction
LATE NIGHT SURCHARGE. A surcharge of 10% will apply to all customer orders made after 10pm.,none
Universal Fit Collapsible Smart Phone Stand,none
 View All Home Office Furniture ,none
436 users are currently active on our website Just now,social_proof
Limited Time Offers,urgency
"Security is our top priority. Our subscription payments are powered by Stripe and ReCharge, processed in a secure PCI-compliant environment to the highest industry standards. Ketolent staff never know your credit card number.",none
SLEEP EVENT OFFERS - LIMITED TIME ONLY,urgency
I'D RATHER PAY FULL PRICE,misdirection
2 in stock,scarcity
Cheaney,none
Just BEE Queen,none
 REPLACE-WITH-DYANMIC-HOST-ID,none
 Choosing the Best Plus Size Briefs ,none
Plus Size Shirts and Blouses,none
Plus Size Ripped Jeans,none
GlassGuard Warranty Do not fear breaking your glass! Add our GlassGuard warranty policy for just $3.85 and we'll insure this purchase.,misdirection
"7-day free trial, then $9.99 weekly auto-charge.",hidden_subscription
Only 2 Left!,scarcity
Custom Women's Apparel,none
"Don't snooze, only 1 left",scarcity
Most of our orders are from repeat customers.,none
Short Sleeve T-Shirts ,none
"To cancel subscription, call our support line Mon-Fri 9-10 AM only.",obstruction
9 people are currently viewing this product,social_proof
60-90% off,none
Delete account option hidden in help center requiring multiple steps or support request,obstruction
Casual Sheath Chiffon Sequins Straps V-neck Sleeveless Bridesmaid Dress,none
info@coolhockey.com,none
"No, I don't want great deals.",misdirection
Pay Securely with Trespass,none
" Synthetic nicotine | Strawberry, kiwi & pomegranate ",none
M-Class Remotes,none
Congratulations! Exclusive Discount of INR 2278 Applied on your first booking,none
Availability: Low in stock today,scarcity
Status:Only 3 left in stock,scarcity
min 70% off,none
Continue reading this article with Cricbuzz Plus.,obstruction
Limited production – only 10 units made.,fake_scarcity
"No thanks, I don't want to look my best",misdirection
Green Tea is made up of properties that have been known to increase caloric expenditure as well as the metabolism of fat,none
THE SET INCLUDES:,none
 Need Help Finding The Right Product? ,none
Bought by 39 people in last few hours! HOT SELLER!,social_proof
"Someone in Cedarhurst, United States purchased a Sproet and Sprout Shell/Violet Stripe Bloomers",social_proof
Elegant A Line Short Sleeve Satin Bateau Floor-length Mother of the Bride Dress with Ribbon,none
 ॐ Welcome to Devshoppe Sign In or Create an Account ,none
"Flat 10% Instant Discount (up to INR 5,000) , on International Flights",none
7-day free trial ends soon. Auto-pay of ₹899 will apply.,forced_continuity
HURRY! 3 left in stock!,scarcity
"No thanks, I prefer to pay more for shoes!",misdirection
"50,000 organizations use Grammarly to improve their communication.",fake_scarcity
 End Tables,none
Hurry! Only 4 left in stock.,scarcity
Enter Catalog/Email Code,none
"$3,159.20 $3,949.00 Limited time only",urgency
Dressmakers Mannequins ,none
00DAYS00HOURS14MINUTES21SECONDS,urgency
Optics and Mounts,none
1 other customers have this item in their shopping cart,social_proof
 V-neck Casual Loose Embroidered Short Sleeve Blouse ,none
Lack Of Color,none
Sweep Train Simple A Line Tulle Wedding Dress with Appliques and Beading,none
 VIP Points! ,none
Concrete Tools,none
only 5 left in stock!,scarcity
Limited Stock!,scarcity
Cap Construction,none
"Only available for a LIMITED TIME, so get yours TODAY!",urgency
 Stone Cold Steve Austin ,none
Only 0:03:00 left to claim your discount.,fake_urgency
(5 Left),scarcity
This offer is only VALID if you add to cart now!,misdirection
Grab up to 30% Instant Discount* + Avail Interest Free EMI*,none
"2,229 people have viewed this item",social_proof
Loading,none
Only 3 Left in Stock!,scarcity
› Sub Ohm Juice,none
No thanks - I don't want to save money,misdirection
Pillowcases & Shams,none
9 sold in last 4 hours,social_proof
"tuvia eisenberg Systematics in Tel Aviv, Israel purchased a",social_proof
Holland Cooper,none
Collegiate Shooting Programs,none
Skip the bonus reward? Click 'Proceed without'.,confirmshaming
Save Big on Your Next Trip,none
Elegant A Line Chiffon V-neck Long Sleeve Bridesmaid Dress with Pleats and Ruching,none
Your order is reserved for 09:43 minutes!,urgency
2 people are looking right now,social_proof
Your saved card will be charged ₹499 for next billing cycle.,hidden_subscription
407 customers have viewed this item recently,social_proof
Kinky Curly Wigs,none
Tribeca Remotes,none
Hurry only 1 left!,scarcity
CUSTOMER SERVICE,none
111 people have purchased this item,social_proof
 Coffee ,none
Bob's For Business,none
ADD FOR BETTER RESULTS,misdirection
Art & Crafting Tools,none
Hype. Home,none
Please add products to see your site in action,none
"No thanks, I hate cool stuff",misdirection
Your free trial includes auto-renewal unless cancelled 48 hours before.,hidden_subscription
Your plan converts to ₹999/month automatically after trial ends.,forced_continuity
Powered by,none
Free Shipping On Orders Over $49* - Limited Time Only,urgency
Special sale ends in,urgency
 Gameday Collection ,none
Limited Time Only · Online Only,urgency
1 LEFT IN THIS SIZE,scarcity
Only 1 unit left in stock,scarcity
"Subscribing means you agree to receive our emails, more details please refer to ourprivacy policy.",none
 Businesses in the EU buying from a business in the same country are also charged VAT.,none
Cancellation requires speaking to a retention agent for 10 minutes first.,obstruction
Subscription auto-renews. You will receive invoice automatically.,hidden_subscription
Sale Womens Clothing,none
8 people have viewed this product today!,social_proof
Only a few left,scarcity
Don't want double reward points? Click 'No thanks'.,confirmshaming
Customer also shopped for,misdirection
Join with multiple teams to increase your chances of winning.,obstruction
"No thanks, I'll pass on the extra 15% off.",confirmshaming
Start free trial. Subscription begins after trial. ,hidden_subscription
117 people have viewed this item in the last 7 days.,social_proof
"Hurry, only 1 left in stock!",scarcity
Free Shipping*,none
Up to ₹120. Valid on orders above ₹800.,none
Almost gone! Only 3 left In Stock,scarcity
Your order is reserved for 09:35 minutes!,urgency
Would you like to purchase an Extended Protection Plan?,misdirection
Trial period ends in 3 days. Auto-charge of ₹299 will apply.,forced_continuity
Goibibo Ratings - Highest First,none
Only 4 left In Stock,scarcity
Lip Balms & Treatments,none
"Hurry, only a few left!",scarcity
Only 3 left,scarcity
" Sorry, we could not process your request at the moment. Please try again in a few minutes. ",none
1 left in stock,scarcity
2 PEOPLE HAVE ADDED THIS ITEM TO THEIR CART TODAY,social_proof
Charleston ,none
Your cart is reserved for 09:35 minutes.,urgency
Over 500 left in stock,scarcity
Canvas Wall Art,none
Download mobile app,none
"Limited time only: FREE SHIPPING on all orders, no minimum required!",urgency
Free trial active. You will be charged ₹499 after 7 days.,forced_continuity
There is only one product left!,scarcity
Last 5 units available in warehouse.,fake_scarcity
Only 6 left,scarcity
Auto-renewal ensures uninterrupted access.,forced_continuity
 Data Processor Privacy Policy: https://www.appnexus.com/corporate-privacy-policy ,none
"No, I Don't Like Discounts",misdirection
 Gut Health ,none
Your plan renews automatically every year on same date.,forced_continuity
Ericdress Summer Patchwork Polyester Long Women's Tank Top,none
Limited stock available,scarcity
ONLY 52 items left in stock!,scarcity
Get up to 27.5% Instant Discount* + Interest-free EMI on domestic & international flights + hotels & Holiday packages.,none
Delivery & Offers Terms,none
1 in stock,scarcity
"By signing up via text, you agree to receive recurring automated promotional and personalized marketing text messages from SPANX®. Msg & data rates apply. View Terms of Use & Privacy Policy.",none
Hurry! Only 1 left in size M!!,scarcity
Hayden near Princeton just bought!!!: CBD VEGAN GUMMIES,social_proof
 Light powerful. ,none
"No, thanks. I'd rather pay full price.",misdirection
ONLY 5 LEFT,scarcity
 Nursery ,none
"For any other inquiries, Click here",none
Only 1 left in stock! Get in quick!,scarcity
Only 9 items left!,scarcity
on Freight,none
I don’t want faster service.,confirmshaming
xB Remotes,none
"Nice choice. Did you know you’re missing out on these deals with the item in your cart. Suit + Shirt + Tie now $599.99* - Shop Suits, Shirts and Ties Or Get 2 Suit Packages for $1100*",misdirection
 V-neck Printed Loose Short-sleeved T-shirt ,none
Trial starts today – ₹299 charged automatically on day 15.,forced_continuity
Recommended,none
"For a limited time, buy 2 Hydroxycut Hardcore Elite, 30 Servings for $30!",urgency
Last 1 left,scarcity
Offer ends in 6 days,fake_urgency
45 ADDED TO BAG IN THE PAST 24 HOURS,social_proof
Sexy A Line Short Sleeve Sequins Off-the-shoulder Floor-length Mother of the Bride Dress with Split Front,none
"Michael M. from Lacey, WA just bought a Cal King",social_proof
HURRY! Only a few left in stock!,scarcity
Footwear Accessories,none
Hurry! Only 7 left in stock.,scarcity
Days left until the offer ends: 00 Days 04:43:35,urgency
What's New By Category,none
My Reviews,none
 Yearly ,none
"I DON'T LIKE FREE GIFTS, NO THANKS",misdirection
Explore The NRA Universe Of Websites,none
"To cancel, reply STOP to SMS, then click link in email.",obstruction
No thanks. I love chaos!,misdirection
 Lawn Mowers ,none
 Item added to cart. View cart and check out. Close ,none
Only 1 Item Left!,scarcity
ONLY 3 LEFT! GET IT NOW!,scarcity
about us,none
"Someone in Cashmere bought a 
RCM Cosworth Timing Belt Kit 99-02MY EJ20/22/251 hour ago",social_proof
 Soft Toys ,none
Items in your cart are in high demand.,scarcity
Switchers,none
"Tambria in Hattiesburg just bought Peruvian Virgin Natural Wave Hair 3 Bundles with Lace Frontal, 100% Human Virgin Hair",social_proof
Your card will be charged ₹799 on repeat every month.,forced_continuity
"Flat 12% Instant Discount up to INR 1,800 , on Domestic Flights",none
Gear Up,none
72 Viewing This Product,social_proof
We curate the very best in creative and innovative fashion for the EDM Lifestyle. ,none
Get FREE Delivery Tomorrow with Prime,none
"Now 20% off, hurry limited time offer!",urgency
 Brushes ,none
"Someone from Osijek, Croatia just bought TMC CP Style Single Pistol Pouch",social_proof
 First to know about upcoming tastings & events ,none
"Another babe in Alexandria, United States just ordered Flat Tummy Tea",social_proof
 Apple iPhone X » ,none
"No thanks, I'll pass",none
Only 9 left in stock,scarcity
43 added to bag in the last 48hrs,social_proof
 TV & Home Appliances ,none
Muc-Off,none
Match is slipping away! India needs 45 off 20. Watch LIVE now.,fake_urgency
Refuse double reward points? Your loss – confirm.,confirmshaming
Crystal Lotus Sriyantras ,none
HURRY! ONLY 1 IN STOCK!,scarcity
Compare Products ,none
10% welcome cashback* on business purchases,none
Only 8 item(s) left.,scarcity
FLAT 25% OFF* on our Zero Cancellation Feature,none
Delivery & Returns,none
"Get inspiration, new arrivals and the latest offers to your inbox.",none
Your cart is reserved for 14:05 minutes!,urgency
My Story,none
Lifestyle / Music,none
Anniversary Gifts by Year,none
Only 14 left in stock,scarcity
"◊After 1 year, subscription auto renews with fee. Review your iFit® Coach account on a computer, tablet, smartphone, or equipment console.",hidden_subscription
Last 9 in stock worldwide – rare item.,fake_scarcity
Only 1.75 yards left in stock!,scarcity
 All consumers in the EU are charged VAT on the purchase of goods and services.,none
High demand,scarcity
Only 5 remaining – almost out of stock.,fake_scarcity
Purchase Benefit Club Member can cancel the Purchase Benefits at any time by calling MDG’s Customer Service department at: 1-800-906-0975 ext. 352 and requesting to cancel the Purchase Benefits.,obstruction
Platform Fee added,obstruction
 PAVILION LONG SLEEVE SHIRT DRESS Cornflower Stripe ,none
"no thanks, I'll save money another day",misdirection
Customer Feedback,none
tedpullin,none
 read you will want to read -- Five Book Group Favourites * Sunday Post *,none
 PopTop Refine by Product Type: PopTop ,none
"Crystals are alive. Born inside Mother Earth, crystal energy can be felt just like heat or cold. For chakra training to astrological remedies, discover healing crystals.",none
 Ireland EUR,none
 Added to Favorites ,none
 Food ,none
Grab Up to 15% OFF* on Domestic & International Hotels,none
Ships within 2-3 business days.,none
"No, I'd rather do it the hard way...",misdirection
Top Trendy Deas,none
104 people viewed this product recently!,social_proof
 All Men's Brands ,none
 Chargers ,none
I accept the Terms & Conditions of the FREE Brother Care Program and agree to receive exclusive offers and general promotions from Brother. I may withdraw my consent at any time.,forced_continuity
Save $148.98AUD – 49% Off,misdirection
sales@ecklers.net,none
Terra - Medium Brown,none
"If you wish to cancel your subscription, you can email us at getflat@flattummyco.com",obstruction
 All Clothing ,none
Viewed 1040 times in the last 7 days,social_proof
Brand Directory ,none
Only 20 left,scarcity
 Supporting All Artists Create because you can ,none
 Alchemy Books ,none
No, I don't want to improve my experience, confirmshaming